dataset_key,database_name,dataset,selected_head,plan,heads,group_kind,group,n_candidates,best_score,mean_score,median_score,best_rank,mean_rank,improvement_vs_identity,selected_model_config_id,scale_x,selection_uses_test_set
ALPINE/ALPINE_P_291_KS,ALPINE,ALPINE_P_291_KS,ridge,compact,"ridge,pls",by_operator,identity,1,0.07971974572486654,0.07971974572486654,0.07971974572486654,1,1.0,0.0,1,True,False
ALPINE/ALPINE_P_291_KS,ALPINE,ALPINE_P_291_KS,ridge,compact,"ridge,pls",by_operator,detrend_poly,3,0.07974803384252606,0.08033341755909412,0.07980766773494828,2,4.0,-2.8288117659522327e-05,1,True,False
ALPINE/ALPINE_P_291_KS,ALPINE,ALPINE_P_291_KS,ridge,compact,"ridge,pls",by_operator,savgol_smooth,2,0.07975637596876504,0.07989776282512072,0.07989776282512072,3,4.0,-3.663024389850833e-05,1,True,False
ALPINE/ALPINE_P_291_KS,ALPINE,ALPINE_P_291_KS,ridge,compact,"ridge,pls",by_operator,savgol_derivative,1,0.08305450918482873,0.08305450918482873,0.08305450918482873,7,7.0,-0.003334763459962198,1,True,False
ALPINE/ALPINE_P_291_KS,ALPINE,ALPINE_P_291_KS,ridge,compact,"ridge,pls",by_operator,finite_difference,1,0.08820142753100527,0.08820142753100527,0.08820142753100527,8,8.0,-0.00848168180613873,1,True,False
ALPINE/ALPINE_P_291_KS,ALPINE,ALPINE_P_291_KS,ridge,compact,"ridge,pls",by_stage_family,identity,1,0.07971974572486654,0.07971974572486654,0.07971974572486654,1,1.0,0.0,1,True,False
ALPINE/ALPINE_P_291_KS,ALPINE,ALPINE_P_291_KS,ridge,compact,"ridge,pls",by_stage_family,baseline,3,0.07974803384252606,0.08033341755909412,0.07980766773494828,2,4.0,-2.8288117659522327e-05,1,True,False
ALPINE/ALPINE_P_291_KS,ALPINE,ALPINE_P_291_KS,ridge,compact,"ridge,pls",by_stage_family,smooth,2,0.07975637596876504,0.07989776282512072,0.07989776282512072,3,4.0,-3.663024389850833e-05,1,True,False
ALPINE/ALPINE_P_291_KS,ALPINE,ALPINE_P_291_KS,ridge,compact,"ridge,pls",by_stage_family,derivative,2,0.08305450918482873,0.085627968357917,0.085627968357917,7,7.5,-0.003334763459962198,1,True,False
ALPINE/ALPINE_P_291_KS,ALPINE,ALPINE_P_291_KS,ridge,compact,"ridge,pls",by_stage_option,identity|identity,1,0.07971974572486654,0.07971974572486654,0.07971974572486654,1,1.0,0.0,1,True,False
ALPINE/ALPINE_P_291_KS,ALPINE,ALPINE_P_291_KS,ridge,compact,"ridge,pls",by_stage_option,baseline|detrend_poly(1),2,0.07974803384252606,0.07977785078873717,0.07977785078873717,2,3.0,-2.8288117659522327e-05,1,True,False
ALPINE/ALPINE_P_291_KS,ALPINE,ALPINE_P_291_KS,ridge,compact,"ridge,pls",by_stage_option,"smooth|savgol_smooth(5,2)",1,0.07975637596876504,0.07975637596876504,0.07975637596876504,3,3.0,-3.663024389850833e-05,1,True,False
ALPINE/ALPINE_P_291_KS,ALPINE,ALPINE_P_291_KS,ridge,compact,"ridge,pls",by_stage_option,"smooth|savgol_smooth(7,2)",1,0.0800391496814764,0.0800391496814764,0.0800391496814764,5,5.0,-0.00031940395660985665,1,True,False
ALPINE/ALPINE_P_291_KS,ALPINE,ALPINE_P_291_KS,ridge,compact,"ridge,pls",by_stage_option,baseline|detrend_poly(2),1,0.08144455109980801,0.08144455109980801,0.08144455109980801,6,6.0,-0.0017248053749414766,1,True,False
ALPINE/ALPINE_P_291_KS,ALPINE,ALPINE_P_291_KS,ridge,compact,"ridge,pls",by_stage_option,"derivative|savgol_derivative(11,2,2)",1,0.08305450918482873,0.08305450918482873,0.08305450918482873,7,7.0,-0.003334763459962198,1,True,False
ALPINE/ALPINE_P_291_KS,ALPINE,ALPINE_P_291_KS,ridge,compact,"ridge,pls",by_stage_option,derivative|finite_difference(1),1,0.08820142753100527,0.08820142753100527,0.08820142753100527,8,8.0,-0.00848168180613873,1,True,False
ALPINE/ALPINE_P_291_KS,ALPINE,ALPINE_P_291_KS,ridge,compact,"ridge,pls",by_head_stage_option,ridge|identity|identity,1,0.07971974572486654,0.07971974572486654,0.07971974572486654,1,1.0,0.0,1,True,False
ALPINE/ALPINE_P_291_KS,ALPINE,ALPINE_P_291_KS,ridge,compact,"ridge,pls",by_head_stage_option,ridge|baseline|detrend_poly(1),2,0.07974803384252606,0.07977785078873717,0.07977785078873717,2,3.0,-2.8288117659522327e-05,1,True,False
ALPINE/ALPINE_P_291_KS,ALPINE,ALPINE_P_291_KS,ridge,compact,"ridge,pls",by_head_stage_option,"ridge|smooth|savgol_smooth(5,2)",1,0.07975637596876504,0.07975637596876504,0.07975637596876504,3,3.0,-3.663024389850833e-05,1,True,False
ALPINE/ALPINE_P_291_KS,ALPINE,ALPINE_P_291_KS,ridge,compact,"ridge,pls",by_head_stage_option,"ridge|smooth|savgol_smooth(7,2)",1,0.0800391496814764,0.0800391496814764,0.0800391496814764,5,5.0,-0.00031940395660985665,1,True,False
ALPINE/ALPINE_P_291_KS,ALPINE,ALPINE_P_291_KS,ridge,compact,"ridge,pls",by_head_stage_option,ridge|baseline|detrend_poly(2),1,0.08144455109980801,0.08144455109980801,0.08144455109980801,6,6.0,-0.0017248053749414766,1,True,False
ALPINE/ALPINE_P_291_KS,ALPINE,ALPINE_P_291_KS,ridge,compact,"ridge,pls",by_head_stage_option,"pls|derivative|savgol_derivative(11,2,2)",1,0.08305450918482873,0.08305450918482873,0.08305450918482873,7,7.0,-0.003334763459962198,1,True,False
ALPINE/ALPINE_P_291_KS,ALPINE,ALPINE_P_291_KS,ridge,compact,"ridge,pls",by_head_stage_option,pls|derivative|finite_difference(1),1,0.08820142753100527,0.08820142753100527,0.08820142753100527,8,8.0,-0.00848168180613873,1,True,False
AMYLOSE/Rice_Amylose_313_YbasedSplit,AMYLOSE,Rice_Amylose_313_YbasedSplit,ridge,compact,"ridge,pls",by_operator,detrend_poly,5,3.920863292947774,4.275585383082603,4.249534870858984,1,3.6,,1,True,False
AMYLOSE/Rice_Amylose_313_YbasedSplit,AMYLOSE,Rice_Amylose_313_YbasedSplit,ridge,compact,"ridge,pls",by_operator,norris_williams,3,3.920863292947774,4.299952561574854,4.281199452086931,1,4.0,,1,True,False
AMYLOSE/Rice_Amylose_313_YbasedSplit,AMYLOSE,Rice_Amylose_313_YbasedSplit,ridge,compact,"ridge,pls",by_operator,savgol_smooth,1,4.457870422100395,4.457870422100395,4.457870422100395,6,6.0,,1,True,False
AMYLOSE/Rice_Amylose_313_YbasedSplit,AMYLOSE,Rice_Amylose_313_YbasedSplit,ridge,compact,"ridge,pls",by_stage_family,baseline,5,3.920863292947774,4.275585383082603,4.249534870858984,1,3.6,,1,True,False
AMYLOSE/Rice_Amylose_313_YbasedSplit,AMYLOSE,Rice_Amylose_313_YbasedSplit,ridge,compact,"ridge,pls",by_stage_family,derivative,3,3.920863292947774,4.299952561574854,4.281199452086931,1,4.0,,1,True,False
AMYLOSE/Rice_Amylose_313_YbasedSplit,AMYLOSE,Rice_Amylose_313_YbasedSplit,ridge,compact,"ridge,pls",by_stage_family,smooth,1,4.457870422100395,4.457870422100395,4.457870422100395,6,6.0,,1,True,False
AMYLOSE/Rice_Amylose_313_YbasedSplit,AMYLOSE,Rice_Amylose_313_YbasedSplit,ridge,compact,"ridge,pls",by_stage_option,baseline|detrend_poly(1),5,3.920863292947774,4.275585383082603,4.249534870858984,1,3.6,,1,True,False
AMYLOSE/Rice_Amylose_313_YbasedSplit,AMYLOSE,Rice_Amylose_313_YbasedSplit,ridge,compact,"ridge,pls",by_stage_option,"derivative|norris_williams(5,5,1)",3,3.920863292947774,4.299952561574854,4.281199452086931,1,4.0,,1,True,False
AMYLOSE/Rice_Amylose_313_YbasedSplit,AMYLOSE,Rice_Amylose_313_YbasedSplit,ridge,compact,"ridge,pls",by_stage_option,"smooth|savgol_smooth(7,2)",1,4.457870422100395,4.457870422100395,4.457870422100395,6,6.0,,1,True,False
AMYLOSE/Rice_Amylose_313_YbasedSplit,AMYLOSE,Rice_Amylose_313_YbasedSplit,ridge,compact,"ridge,pls",by_head_stage_option,"ridge|derivative|norris_williams(5,5,1)",1,3.920863292947774,3.920863292947774,3.920863292947774,1,1.0,,1,True,False
AMYLOSE/Rice_Amylose_313_YbasedSplit,AMYLOSE,Rice_Amylose_313_YbasedSplit,ridge,compact,"ridge,pls",by_head_stage_option,ridge|baseline|detrend_poly(1),4,3.920863292947774,4.17003299393079,4.1515216892361755,1,2.75,,1,True,False
AMYLOSE/Rice_Amylose_313_YbasedSplit,AMYLOSE,Rice_Amylose_313_YbasedSplit,ridge,compact,"ridge,pls",by_head_stage_option,"pls|derivative|norris_williams(5,5,1)",2,4.281199452086931,4.489497195888394,4.489497195888394,4,5.5,,1,True,False
AMYLOSE/Rice_Amylose_313_YbasedSplit,AMYLOSE,Rice_Amylose_313_YbasedSplit,ridge,compact,"ridge,pls",by_head_stage_option,"ridge|smooth|savgol_smooth(7,2)",1,4.457870422100395,4.457870422100395,4.457870422100395,6,6.0,,1,True,False
AMYLOSE/Rice_Amylose_313_YbasedSplit,AMYLOSE,Rice_Amylose_313_YbasedSplit,ridge,compact,"ridge,pls",by_head_stage_option,pls|baseline|detrend_poly(1),1,4.697794939689857,4.697794939689857,4.697794939689857,7,7.0,,1,True,False
BEEFMARBLING/Beef_Marbling_RandomSplit,BEEFMARBLING,Beef_Marbling_RandomSplit,ridge,compact,"ridge,pls",by_operator,norris_williams,2,72.09612491682333,72.25523988864208,72.25523988864208,1,1.5,,1,True,False
BEEFMARBLING/Beef_Marbling_RandomSplit,BEEFMARBLING,Beef_Marbling_RandomSplit,ridge,compact,"ridge,pls",by_operator,detrend_poly,4,72.09612491682333,76.02065209125587,72.49295172270448,1,4.25,,1,True,False
BEEFMARBLING/Beef_Marbling_RandomSplit,BEEFMARBLING,Beef_Marbling_RandomSplit,ridge,compact,"ridge,pls",by_operator,savgol_derivative,4,72.43409304676803,77.50551090510956,75.2936852854395,3,5.5,,1,True,False
BEEFMARBLING/Beef_Marbling_RandomSplit,BEEFMARBLING,Beef_Marbling_RandomSplit,ridge,compact,"ridge,pls",by_operator,finite_difference,1,72.55497699139765,72.55497699139765,72.55497699139765,6,6.0,,1,True,False
BEEFMARBLING/Beef_Marbling_RandomSplit,BEEFMARBLING,Beef_Marbling_RandomSplit,ridge,compact,"ridge,pls",by_operator,savgol_smooth,1,72.55497699139765,72.55497699139765,72.55497699139765,6,6.0,,1,True,False
BEEFMARBLING/Beef_Marbling_RandomSplit,BEEFMARBLING,Beef_Marbling_RandomSplit,ridge,compact,"ridge,pls",by_stage_family,baseline,4,72.09612491682333,76.02065209125587,72.49295172270448,1,4.25,,1,True,False
BEEFMARBLING/Beef_Marbling_RandomSplit,BEEFMARBLING,Beef_Marbling_RandomSplit,ridge,compact,"ridge,pls",by_stage_family,derivative,7,72.09612491682333,75.29821434130288,72.47075335761748,1,4.428571428571429,,1,True,False
BEEFMARBLING/Beef_Marbling_RandomSplit,BEEFMARBLING,Beef_Marbling_RandomSplit,ridge,compact,"ridge,pls",by_stage_family,smooth,1,72.55497699139765,72.55497699139765,72.55497699139765,6,6.0,,1,True,False
BEEFMARBLING/Beef_Marbling_RandomSplit,BEEFMARBLING,Beef_Marbling_RandomSplit,ridge,compact,"ridge,pls",by_stage_option,"derivative|norris_williams(5,5,1)",2,72.09612491682333,72.25523988864208,72.25523988864208,1,1.5,,1,True,False
BEEFMARBLING/Beef_Marbling_RandomSplit,BEEFMARBLING,Beef_Marbling_RandomSplit,ridge,compact,"ridge,pls",by_stage_option,baseline|detrend_poly(1),3,72.09612491682333,77.17693265546085,72.43409304676803,1,4.0,,1,True,False
BEEFMARBLING/Beef_Marbling_RandomSplit,BEEFMARBLING,Beef_Marbling_RandomSplit,ridge,compact,"ridge,pls",by_stage_option,"derivative|savgol_derivative(7,2,1)",3,72.43409304676803,77.30180880239224,72.47075335761748,3,5.0,,1,True,False
BEEFMARBLING/Beef_Marbling_RandomSplit,BEEFMARBLING,Beef_Marbling_RandomSplit,ridge,compact,"ridge,pls",by_stage_option,baseline|detrend_poly(2),1,72.55181039864092,72.55181039864092,72.55181039864092,5,5.0,,1,True,False
BEEFMARBLING/Beef_Marbling_RandomSplit,BEEFMARBLING,Beef_Marbling_RandomSplit,ridge,compact,"ridge,pls",by_stage_option,derivative|finite_difference(1),1,72.55497699139765,72.55497699139765,72.55497699139765,6,6.0,,1,True,False
BEEFMARBLING/Beef_Marbling_RandomSplit,BEEFMARBLING,Beef_Marbling_RandomSplit,ridge,compact,"ridge,pls",by_stage_option,"smooth|savgol_smooth(5,2)",1,72.55497699139765,72.55497699139765,72.55497699139765,6,6.0,,1,True,False
BEEFMARBLING/Beef_Marbling_RandomSplit,BEEFMARBLING,Beef_Marbling_RandomSplit,ridge,compact,"ridge,pls",by_stage_option,"derivative|savgol_derivative(11,2,2)",1,78.11661721326149,78.11661721326149,78.11661721326149,7,7.0,,1,True,False
BEEFMARBLING/Beef_Marbling_RandomSplit,BEEFMARBLING,Beef_Marbling_RandomSplit,ridge,compact,"ridge,pls",by_head_stage_option,"ridge|derivative|norris_williams(5,5,1)",2,72.09612491682333,72.25523988864208,72.25523988864208,1,1.5,,1,True,False
BEEFMARBLING/Beef_Marbling_RandomSplit,BEEFMARBLING,Beef_Marbling_RandomSplit,ridge,compact,"ridge,pls",by_head_stage_option,ridge|baseline|detrend_poly(1),2,72.09612491682333,72.26510898179568,72.26510898179568,1,2.0,,1,True,False
BEEFMARBLING/Beef_Marbling_RandomSplit,BEEFMARBLING,Beef_Marbling_RandomSplit,ridge,compact,"ridge,pls",by_head_stage_option,"ridge|derivative|savgol_derivative(7,2,1)",2,72.43409304676803,72.45242320219276,72.45242320219276,3,3.5,,1,True,False
BEEFMARBLING/Beef_Marbling_RandomSplit,BEEFMARBLING,Beef_Marbling_RandomSplit,ridge,compact,"ridge,pls",by_head_stage_option,ridge|baseline|detrend_poly(2),1,72.55181039864092,72.55181039864092,72.55181039864092,5,5.0,,1,True,False
BEEFMARBLING/Beef_Marbling_RandomSplit,BEEFMARBLING,Beef_Marbling_RandomSplit,ridge,compact,"ridge,pls",by_head_stage_option,ridge|derivative|finite_difference(1),1,72.55497699139765,72.55497699139765,72.55497699139765,6,6.0,,1,True,False
BEEFMARBLING/Beef_Marbling_RandomSplit,BEEFMARBLING,Beef_Marbling_RandomSplit,ridge,compact,"ridge,pls",by_head_stage_option,"ridge|smooth|savgol_smooth(5,2)",1,72.55497699139765,72.55497699139765,72.55497699139765,6,6.0,,1,True,False
BEEFMARBLING/Beef_Marbling_RandomSplit,BEEFMARBLING,Beef_Marbling_RandomSplit,ridge,compact,"ridge,pls",by_head_stage_option,"pls|derivative|savgol_derivative(11,2,2)",1,78.11661721326149,78.11661721326149,78.11661721326149,7,7.0,,1,True,False
BEEFMARBLING/Beef_Marbling_RandomSplit,BEEFMARBLING,Beef_Marbling_RandomSplit,ridge,compact,"ridge,pls",by_head_stage_option,pls|baseline|detrend_poly(1),1,87.0005800027912,87.0005800027912,87.0005800027912,8,8.0,,1,True,False
BEEFMARBLING/Beef_Marbling_RandomSplit,BEEFMARBLING,Beef_Marbling_RandomSplit,ridge,compact,"ridge,pls",by_head_stage_option,"pls|derivative|savgol_derivative(7,2,1)",1,87.0005800027912,87.0005800027912,87.0005800027912,8,8.0,,1,True,False
BEER/Beer_OriginalExtract_60_KS,BEER,Beer_OriginalExtract_60_KS,ridge,compact,"ridge,pls",by_operator,detrend_poly,7,0.25312791206552604,0.25951788208054244,0.25852000618242693,1,4.0,,1,True,False
BEER/Beer_OriginalExtract_60_KS,BEER,Beer_OriginalExtract_60_KS,ridge,compact,"ridge,pls",by_stage_family,baseline,7,0.25312791206552604,0.25951788208054244,0.25852000618242693,1,4.0,,1,True,False
BEER/Beer_OriginalExtract_60_KS,BEER,Beer_OriginalExtract_60_KS,ridge,compact,"ridge,pls",by_stage_option,baseline|detrend_poly(1),4,0.25312791206552604,0.2557571673122997,0.2556903755006229,1,2.5,,1,True,False
BEER/Beer_OriginalExtract_60_KS,BEER,Beer_OriginalExtract_60_KS,ridge,compact,"ridge,pls",by_stage_option,baseline|detrend_poly(2),3,0.26293862987281685,0.2645321684381994,0.2634520051788984,5,6.0,,1,True,False
BEER/Beer_OriginalExtract_60_KS,BEER,Beer_OriginalExtract_60_KS,ridge,compact,"ridge,pls",by_head_stage_option,ridge|baseline|detrend_poly(1),3,0.25312791206552604,0.25508870197941946,0.2536181876903055,1,2.3333333333333335,,1,True,False
BEER/Beer_OriginalExtract_60_KS,BEER,Beer_OriginalExtract_60_KS,ridge,compact,"ridge,pls",by_head_stage_option,pls|baseline|detrend_poly(1),1,0.2577625633109404,0.2577625633109404,0.2577625633109404,3,3.0,,1,True,False
BEER/Beer_OriginalExtract_60_KS,BEER,Beer_OriginalExtract_60_KS,ridge,compact,"ridge,pls",by_head_stage_option,ridge|baseline|detrend_poly(2),2,0.26293862987281685,0.2631953175258576,0.2631953175258576,5,5.5,,1,True,False
BEER/Beer_OriginalExtract_60_KS,BEER,Beer_OriginalExtract_60_KS,ridge,compact,"ridge,pls",by_head_stage_option,pls|baseline|detrend_poly(2),1,0.26720587026288295,0.26720587026288295,0.26720587026288295,7,7.0,,1,True,False
BEER/Beer_OriginalExtract_60_YbaseSplit,BEER,Beer_OriginalExtract_60_YbaseSplit,ridge,compact,"ridge,pls",by_operator,detrend_poly,7,0.3478374891061609,0.35461221615947075,0.35393883974627177,1,4.0,,1,True,False
BEER/Beer_OriginalExtract_60_YbaseSplit,BEER,Beer_OriginalExtract_60_YbaseSplit,ridge,compact,"ridge,pls",by_stage_family,baseline,7,0.3478374891061609,0.35461221615947075,0.35393883974627177,1,4.0,,1,True,False
BEER/Beer_OriginalExtract_60_YbaseSplit,BEER,Beer_OriginalExtract_60_YbaseSplit,ridge,compact,"ridge,pls",by_stage_option,baseline|detrend_poly(1),4,0.3478374891061609,0.3504499342789688,0.3500117041317214,1,2.5,,1,True,False
BEER/Beer_OriginalExtract_60_YbaseSplit,BEER,Beer_OriginalExtract_60_YbaseSplit,ridge,compact,"ridge,pls",by_stage_option,baseline|detrend_poly(2),3,0.35722191085807925,0.3601619253334733,0.35778841347395096,5,6.0,,1,True,False
BEER/Beer_OriginalExtract_60_YbaseSplit,BEER,Beer_OriginalExtract_60_YbaseSplit,ridge,compact,"ridge,pls",by_head_stage_option,ridge|baseline|detrend_poly(1),3,0.3478374891061609,0.35005622754385635,0.34839235377913647,1,2.3333333333333335,,1,True,False
BEER/Beer_OriginalExtract_60_YbaseSplit,BEER,Beer_OriginalExtract_60_YbaseSplit,ridge,compact,"ridge,pls",by_head_stage_option,pls|baseline|detrend_poly(1),1,0.3516310544843063,0.3516310544843063,0.3516310544843063,3,3.0,,1,True,False
BEER/Beer_OriginalExtract_60_YbaseSplit,BEER,Beer_OriginalExtract_60_YbaseSplit,ridge,compact,"ridge,pls",by_head_stage_option,ridge|baseline|detrend_poly(2),2,0.35722191085807925,0.35750516216601513,0.35750516216601513,5,5.5,,1,True,False
BEER/Beer_OriginalExtract_60_YbaseSplit,BEER,Beer_OriginalExtract_60_YbaseSplit,ridge,compact,"ridge,pls",by_head_stage_option,pls|baseline|detrend_poly(2),1,0.3654754516683897,0.3654754516683897,0.3654754516683897,7,7.0,,1,True,False
BERRY/brix_groupSampleID_stratDateVar_balRows,BERRY,brix_groupSampleID_stratDateVar_balRows,pls,compact,"ridge,pls",by_operator,savgol_derivative,1,4.223402083016698,4.223402083016698,4.223402083016698,1,1.0,0.6134570757580047,1,True,False
BERRY/brix_groupSampleID_stratDateVar_balRows,BERRY,brix_groupSampleID_stratDateVar_balRows,pls,compact,"ridge,pls",by_operator,identity,1,4.836859158774702,4.836859158774702,4.836859158774702,2,2.0,0.0,1,True,False
BERRY/brix_groupSampleID_stratDateVar_balRows,BERRY,brix_groupSampleID_stratDateVar_balRows,pls,compact,"ridge,pls",by_operator,detrend_poly,2,4.940418722023899,4.952322031658506,4.952322031658506,3,4.0,-0.10355956324919635,1,True,False
BERRY/brix_groupSampleID_stratDateVar_balRows,BERRY,brix_groupSampleID_stratDateVar_balRows,pls,compact,"ridge,pls",by_operator,finite_difference,1,4.963145700536597,4.963145700536597,4.963145700536597,4,4.0,-0.12628654176189436,1,True,False
BERRY/brix_groupSampleID_stratDateVar_balRows,BERRY,brix_groupSampleID_stratDateVar_balRows,pls,compact,"ridge,pls",by_operator,norris_williams,2,4.964225341293112,4.973411774036419,4.973411774036419,5,5.5,-0.1273661825184096,1,True,False
BERRY/brix_groupSampleID_stratDateVar_balRows,BERRY,brix_groupSampleID_stratDateVar_balRows,pls,compact,"ridge,pls",by_stage_family,derivative,4,4.223402083016698,4.783342832906533,4.963685520914854,1,4.0,0.6134570757580047,1,True,False
BERRY/brix_groupSampleID_stratDateVar_balRows,BERRY,brix_groupSampleID_stratDateVar_balRows,pls,compact,"ridge,pls",by_stage_family,identity,1,4.836859158774702,4.836859158774702,4.836859158774702,2,2.0,0.0,1,True,False
BERRY/brix_groupSampleID_stratDateVar_balRows,BERRY,brix_groupSampleID_stratDateVar_balRows,pls,compact,"ridge,pls",by_stage_family,baseline,2,4.940418722023899,4.952322031658506,4.952322031658506,3,4.0,-0.10355956324919635,1,True,False
BERRY/brix_groupSampleID_stratDateVar_balRows,BERRY,brix_groupSampleID_stratDateVar_balRows,pls,compact,"ridge,pls",by_stage_option,"derivative|savgol_derivative(11,2,2)",1,4.223402083016698,4.223402083016698,4.223402083016698,1,1.0,0.6134570757580047,1,True,False
BERRY/brix_groupSampleID_stratDateVar_balRows,BERRY,brix_groupSampleID_stratDateVar_balRows,pls,compact,"ridge,pls",by_stage_option,identity|identity,1,4.836859158774702,4.836859158774702,4.836859158774702,2,2.0,0.0,1,True,False
BERRY/brix_groupSampleID_stratDateVar_balRows,BERRY,brix_groupSampleID_stratDateVar_balRows,pls,compact,"ridge,pls",by_stage_option,baseline|detrend_poly(1),2,4.940418722023899,4.952322031658506,4.952322031658506,3,4.0,-0.10355956324919635,1,True,False
BERRY/brix_groupSampleID_stratDateVar_balRows,BERRY,brix_groupSampleID_stratDateVar_balRows,pls,compact,"ridge,pls",by_stage_option,derivative|finite_difference(1),1,4.963145700536597,4.963145700536597,4.963145700536597,4,4.0,-0.12628654176189436,1,True,False
BERRY/brix_groupSampleID_stratDateVar_balRows,BERRY,brix_groupSampleID_stratDateVar_balRows,pls,compact,"ridge,pls",by_stage_option,"derivative|norris_williams(5,5,1)",2,4.964225341293112,4.973411774036419,4.973411774036419,5,5.5,-0.1273661825184096,1,True,False
BERRY/brix_groupSampleID_stratDateVar_balRows,BERRY,brix_groupSampleID_stratDateVar_balRows,pls,compact,"ridge,pls",by_head_stage_option,"pls|derivative|savgol_derivative(11,2,2)",1,4.223402083016698,4.223402083016698,4.223402083016698,1,1.0,0.6134570757580047,1,True,False
BERRY/brix_groupSampleID_stratDateVar_balRows,BERRY,brix_groupSampleID_stratDateVar_balRows,pls,compact,"ridge,pls",by_head_stage_option,ridge|identity|identity,1,4.836859158774702,4.836859158774702,4.836859158774702,2,2.0,0.0,1,True,False
BERRY/brix_groupSampleID_stratDateVar_balRows,BERRY,brix_groupSampleID_stratDateVar_balRows,pls,compact,"ridge,pls",by_head_stage_option,ridge|baseline|detrend_poly(1),2,4.940418722023899,4.952322031658506,4.952322031658506,3,4.0,-0.10355956324919635,1,True,False
BERRY/brix_groupSampleID_stratDateVar_balRows,BERRY,brix_groupSampleID_stratDateVar_balRows,pls,compact,"ridge,pls",by_head_stage_option,pls|derivative|finite_difference(1),1,4.963145700536597,4.963145700536597,4.963145700536597,4,4.0,-0.12628654176189436,1,True,False
BERRY/brix_groupSampleID_stratDateVar_balRows,BERRY,brix_groupSampleID_stratDateVar_balRows,pls,compact,"ridge,pls",by_head_stage_option,"ridge|derivative|norris_williams(5,5,1)",2,4.964225341293112,4.973411774036419,4.973411774036419,5,5.5,-0.1273661825184096,1,True,False
BERRY/ph_groupSampleID_stratDateVar_balRows,BERRY,ph_groupSampleID_stratDateVar_balRows,ridge,compact,"ridge,pls",by_operator,finite_difference,3,0.3095468716484786,0.35526259461513066,0.3186825975510911,1,3.3333333333333335,0.1367495471615972,0,False,False
BERRY/ph_groupSampleID_stratDateVar_balRows,BERRY,ph_groupSampleID_stratDateVar_balRows,ridge,compact,"ridge,pls",by_operator,savgol_smooth,1,0.3186825975510911,0.3186825975510911,0.3186825975510911,2,2.0,0.12761382125898474,0,False,False
BERRY/ph_groupSampleID_stratDateVar_balRows,BERRY,ph_groupSampleID_stratDateVar_balRows,ridge,compact,"ridge,pls",by_operator,savgol_derivative,2,0.3199082874100586,0.3199128236824148,0.3199128236824148,3,3.5,0.1263881314000172,0,False,False
BERRY/ph_groupSampleID_stratDateVar_balRows,BERRY,ph_groupSampleID_stratDateVar_balRows,ridge,compact,"ridge,pls",by_operator,detrend_poly,2,0.3199082874100586,0.32251880198416427,0.32251880198416427,3,4.0,0.1263881314000172,0,False,False
BERRY/ph_groupSampleID_stratDateVar_balRows,BERRY,ph_groupSampleID_stratDateVar_balRows,ridge,compact,"ridge,pls",by_operator,norris_williams,2,0.3251293165582699,0.325532664307042,0.325532664307042,5,5.5,0.12116710225180594,0,False,False
BERRY/ph_groupSampleID_stratDateVar_balRows,BERRY,ph_groupSampleID_stratDateVar_balRows,ridge,compact,"ridge,pls",by_operator,identity,1,0.4462964188100758,0.4462964188100758,0.4462964188100758,8,8.0,0.0,0,False,False
BERRY/ph_groupSampleID_stratDateVar_balRows,BERRY,ph_groupSampleID_stratDateVar_balRows,ridge,compact,"ridge,pls",by_stage_family,derivative,7,0.3095468716484786,0.33666839426061507,0.319917359954771,1,4.0,0.1367495471615972,0,False,False
BERRY/ph_groupSampleID_stratDateVar_balRows,BERRY,ph_groupSampleID_stratDateVar_balRows,ridge,compact,"ridge,pls",by_stage_family,smooth,1,0.3186825975510911,0.3186825975510911,0.3186825975510911,2,2.0,0.12761382125898474,0,False,False
BERRY/ph_groupSampleID_stratDateVar_balRows,BERRY,ph_groupSampleID_stratDateVar_balRows,ridge,compact,"ridge,pls",by_stage_family,baseline,2,0.3199082874100586,0.32251880198416427,0.32251880198416427,3,4.0,0.1263881314000172,0,False,False
BERRY/ph_groupSampleID_stratDateVar_balRows,BERRY,ph_groupSampleID_stratDateVar_balRows,ridge,compact,"ridge,pls",by_stage_family,identity,1,0.4462964188100758,0.4462964188100758,0.4462964188100758,8,8.0,0.0,0,False,False
BERRY/ph_groupSampleID_stratDateVar_balRows,BERRY,ph_groupSampleID_stratDateVar_balRows,ridge,compact,"ridge,pls",by_stage_option,derivative|finite_difference(1),3,0.3095468716484786,0.35526259461513066,0.3186825975510911,1,3.3333333333333335,0.1367495471615972,0,False,False
BERRY/ph_groupSampleID_stratDateVar_balRows,BERRY,ph_groupSampleID_stratDateVar_balRows,ridge,compact,"ridge,pls",by_stage_option,"smooth|savgol_smooth(5,2)",1,0.3186825975510911,0.3186825975510911,0.3186825975510911,2,2.0,0.12761382125898474,0,False,False
BERRY/ph_groupSampleID_stratDateVar_balRows,BERRY,ph_groupSampleID_stratDateVar_balRows,ridge,compact,"ridge,pls",by_stage_option,"derivative|savgol_derivative(7,2,1)",2,0.3199082874100586,0.3199128236824148,0.3199128236824148,3,3.5,0.1263881314000172,0,False,False
BERRY/ph_groupSampleID_stratDateVar_balRows,BERRY,ph_groupSampleID_stratDateVar_balRows,ridge,compact,"ridge,pls",by_stage_option,baseline|detrend_poly(1),2,0.3199082874100586,0.32251880198416427,0.32251880198416427,3,4.0,0.1263881314000172,0,False,False
BERRY/ph_groupSampleID_stratDateVar_balRows,BERRY,ph_groupSampleID_stratDateVar_balRows,ridge,compact,"ridge,pls",by_stage_option,"derivative|norris_williams(5,5,1)",2,0.3251293165582699,0.325532664307042,0.325532664307042,5,5.5,0.12116710225180594,0,False,False
BERRY/ph_groupSampleID_stratDateVar_balRows,BERRY,ph_groupSampleID_stratDateVar_balRows,ridge,compact,"ridge,pls",by_stage_option,identity|identity,1,0.4462964188100758,0.4462964188100758,0.4462964188100758,8,8.0,0.0,0,False,False
BERRY/ph_groupSampleID_stratDateVar_balRows,BERRY,ph_groupSampleID_stratDateVar_balRows,ridge,compact,"ridge,pls",by_head_stage_option,ridge|derivative|finite_difference(1),2,0.3095468716484786,0.31411473459978484,0.31411473459978484,1,1.5,0.1367495471615972,0,False,False
BERRY/ph_groupSampleID_stratDateVar_balRows,BERRY,ph_groupSampleID_stratDateVar_balRows,ridge,compact,"ridge,pls",by_head_stage_option,"ridge|smooth|savgol_smooth(5,2)",1,0.3186825975510911,0.3186825975510911,0.3186825975510911,2,2.0,0.12761382125898474,0,False,False
BERRY/ph_groupSampleID_stratDateVar_balRows,BERRY,ph_groupSampleID_stratDateVar_balRows,ridge,compact,"ridge,pls",by_head_stage_option,"ridge|derivative|savgol_derivative(7,2,1)",2,0.3199082874100586,0.3199128236824148,0.3199128236824148,3,3.5,0.1263881314000172,0,False,False
BERRY/ph_groupSampleID_stratDateVar_balRows,BERRY,ph_groupSampleID_stratDateVar_balRows,ridge,compact,"ridge,pls",by_head_stage_option,ridge|baseline|detrend_poly(1),2,0.3199082874100586,0.32251880198416427,0.32251880198416427,3,4.0,0.1263881314000172,0,False,False
BERRY/ph_groupSampleID_stratDateVar_balRows,BERRY,ph_groupSampleID_stratDateVar_balRows,ridge,compact,"ridge,pls",by_head_stage_option,"ridge|derivative|norris_williams(5,5,1)",2,0.3251293165582699,0.325532664307042,0.325532664307042,5,5.5,0.12116710225180594,0,False,False
BERRY/ph_groupSampleID_stratDateVar_balRows,BERRY,ph_groupSampleID_stratDateVar_balRows,ridge,compact,"ridge,pls",by_head_stage_option,pls|derivative|finite_difference(1),1,0.4375583146458222,0.4375583146458222,0.4375583146458222,7,7.0,0.008738104164253635,0,False,False
BERRY/ph_groupSampleID_stratDateVar_balRows,BERRY,ph_groupSampleID_stratDateVar_balRows,ridge,compact,"ridge,pls",by_head_stage_option,pls|identity|identity,1,0.4462964188100758,0.4462964188100758,0.4462964188100758,8,8.0,0.0,0,False,False
BERRY/ta_groupSampleID_stratDateVar_balRows,BERRY,ta_groupSampleID_stratDateVar_balRows,pls,compact,"ridge,pls",by_operator,savgol_derivative,1,1.916158998263668,1.916158998263668,1.916158998263668,1,1.0,0.1497282212902511,1,True,False
BERRY/ta_groupSampleID_stratDateVar_balRows,BERRY,ta_groupSampleID_stratDateVar_balRows,pls,compact,"ridge,pls",by_operator,detrend_poly,2,2.0073209706187067,2.035816626131888,2.035816626131888,2,3.5,0.05856624893521234,1,True,False
BERRY/ta_groupSampleID_stratDateVar_balRows,BERRY,ta_groupSampleID_stratDateVar_balRows,pls,compact,"ridge,pls",by_operator,finite_difference,2,2.0456092149591387,2.047651881811017,2.047651881811017,3,3.5,0.020278004594780352,1,True,False
BERRY/ta_groupSampleID_stratDateVar_balRows,BERRY,ta_groupSampleID_stratDateVar_balRows,pls,compact,"ridge,pls",by_operator,savgol_smooth,1,2.0496945486628957,2.0496945486628957,2.0496945486628957,4,4.0,0.016192670891023386,1,True,False
BERRY/ta_groupSampleID_stratDateVar_balRows,BERRY,ta_groupSampleID_stratDateVar_balRows,pls,compact,"ridge,pls",by_operator,identity,1,2.065887219553919,2.065887219553919,2.065887219553919,6,6.0,0.0,1,True,False
BERRY/ta_groupSampleID_stratDateVar_balRows,BERRY,ta_groupSampleID_stratDateVar_balRows,pls,compact,"ridge,pls",by_stage_family,derivative,3,1.916158998263668,2.0038209206285678,2.0456092149591387,1,2.6666666666666665,0.1497282212902511,1,True,False
BERRY/ta_groupSampleID_stratDateVar_balRows,BERRY,ta_groupSampleID_stratDateVar_balRows,pls,compact,"ridge,pls",by_stage_family,baseline,2,2.0073209706187067,2.035816626131888,2.035816626131888,2,3.5,0.05856624893521234,1,True,False
BERRY/ta_groupSampleID_stratDateVar_balRows,BERRY,ta_groupSampleID_stratDateVar_balRows,pls,compact,"ridge,pls",by_stage_family,smooth,1,2.0496945486628957,2.0496945486628957,2.0496945486628957,4,4.0,0.016192670891023386,1,True,False
BERRY/ta_groupSampleID_stratDateVar_balRows,BERRY,ta_groupSampleID_stratDateVar_balRows,pls,compact,"ridge,pls",by_stage_family,identity,1,2.065887219553919,2.065887219553919,2.065887219553919,6,6.0,0.0,1,True,False
BERRY/ta_groupSampleID_stratDateVar_balRows,BERRY,ta_groupSampleID_stratDateVar_balRows,pls,compact,"ridge,pls",by_stage_option,"derivative|savgol_derivative(11,2,2)",1,1.916158998263668,1.916158998263668,1.916158998263668,1,1.0,0.1497282212902511,1,True,False
BERRY/ta_groupSampleID_stratDateVar_balRows,BERRY,ta_groupSampleID_stratDateVar_balRows,pls,compact,"ridge,pls",by_stage_option,baseline|detrend_poly(2),1,2.0073209706187067,2.0073209706187067,2.0073209706187067,2,2.0,0.05856624893521234,1,True,False
BERRY/ta_groupSampleID_stratDateVar_balRows,BERRY,ta_groupSampleID_stratDateVar_balRows,pls,compact,"ridge,pls",by_stage_option,derivative|finite_difference(1),2,2.0456092149591387,2.047651881811017,2.047651881811017,3,3.5,0.020278004594780352,1,True,False
BERRY/ta_groupSampleID_stratDateVar_balRows,BERRY,ta_groupSampleID_stratDateVar_balRows,pls,compact,"ridge,pls",by_stage_option,"smooth|savgol_smooth(5,2)",1,2.0496945486628957,2.0496945486628957,2.0496945486628957,4,4.0,0.016192670891023386,1,True,False
BERRY/ta_groupSampleID_stratDateVar_balRows,BERRY,ta_groupSampleID_stratDateVar_balRows,pls,compact,"ridge,pls",by_stage_option,baseline|detrend_poly(1),1,2.0643122816450696,2.0643122816450696,2.0643122816450696,5,5.0,0.0015749379088494386,1,True,False
BERRY/ta_groupSampleID_stratDateVar_balRows,BERRY,ta_groupSampleID_stratDateVar_balRows,pls,compact,"ridge,pls",by_stage_option,identity|identity,1,2.065887219553919,2.065887219553919,2.065887219553919,6,6.0,0.0,1,True,False
BERRY/ta_groupSampleID_stratDateVar_balRows,BERRY,ta_groupSampleID_stratDateVar_balRows,pls,compact,"ridge,pls",by_head_stage_option,"pls|derivative|savgol_derivative(11,2,2)",1,1.916158998263668,1.916158998263668,1.916158998263668,1,1.0,0.1497282212902511,1,True,False
BERRY/ta_groupSampleID_stratDateVar_balRows,BERRY,ta_groupSampleID_stratDateVar_balRows,pls,compact,"ridge,pls",by_head_stage_option,ridge|baseline|detrend_poly(2),1,2.0073209706187067,2.0073209706187067,2.0073209706187067,2,2.0,0.05856624893521234,1,True,False
BERRY/ta_groupSampleID_stratDateVar_balRows,BERRY,ta_groupSampleID_stratDateVar_balRows,pls,compact,"ridge,pls",by_head_stage_option,pls|derivative|finite_difference(1),2,2.0456092149591387,2.047651881811017,2.047651881811017,3,3.5,0.020278004594780352,1,True,False
BERRY/ta_groupSampleID_stratDateVar_balRows,BERRY,ta_groupSampleID_stratDateVar_balRows,pls,compact,"ridge,pls",by_head_stage_option,"pls|smooth|savgol_smooth(5,2)",1,2.0496945486628957,2.0496945486628957,2.0496945486628957,4,4.0,0.016192670891023386,1,True,False
BERRY/ta_groupSampleID_stratDateVar_balRows,BERRY,ta_groupSampleID_stratDateVar_balRows,pls,compact,"ridge,pls",by_head_stage_option,ridge|baseline|detrend_poly(1),1,2.0643122816450696,2.0643122816450696,2.0643122816450696,5,5.0,0.0015749379088494386,1,True,False
BERRY/ta_groupSampleID_stratDateVar_balRows,BERRY,ta_groupSampleID_stratDateVar_balRows,pls,compact,"ridge,pls",by_head_stage_option,ridge|identity|identity,1,2.065887219553919,2.065887219553919,2.065887219553919,6,6.0,0.0,1,True,False
BISCUIT/Biscuit_Fat_40_RandomSplit,BISCUIT,Biscuit_Fat_40_RandomSplit,ridge,compact,"ridge,pls",by_operator,savgol_derivative,1,0.5488001276863569,0.5488001276863569,0.5488001276863569,1,1.0,,1,True,False
BISCUIT/Biscuit_Fat_40_RandomSplit,BISCUIT,Biscuit_Fat_40_RandomSplit,ridge,compact,"ridge,pls",by_operator,detrend_poly,2,0.5488001276863569,0.5509383684487554,0.5509383684487554,1,1.5,,1,True,False
BISCUIT/Biscuit_Fat_40_RandomSplit,BISCUIT,Biscuit_Fat_40_RandomSplit,ridge,compact,"ridge,pls",by_operator,savgol_smooth,1,0.5616195479624478,0.5616195479624478,0.5616195479624478,3,3.0,,1,True,False
BISCUIT/Biscuit_Fat_40_RandomSplit,BISCUIT,Biscuit_Fat_40_RandomSplit,ridge,compact,"ridge,pls",by_operator,finite_difference,5,0.5616195479624478,0.6151404544731435,0.5659992762972575,3,5.0,,1,True,False
BISCUIT/Biscuit_Fat_40_RandomSplit,BISCUIT,Biscuit_Fat_40_RandomSplit,ridge,compact,"ridge,pls",by_operator,norris_williams,1,0.8214184879412977,0.8214184879412977,0.8214184879412977,8,8.0,,1,True,False
BISCUIT/Biscuit_Fat_40_RandomSplit,BISCUIT,Biscuit_Fat_40_RandomSplit,ridge,compact,"ridge,pls",by_stage_family,baseline,2,0.5488001276863569,0.5509383684487554,0.5509383684487554,1,1.5,,1,True,False
BISCUIT/Biscuit_Fat_40_RandomSplit,BISCUIT,Biscuit_Fat_40_RandomSplit,ridge,compact,"ridge,pls",by_stage_family,derivative,7,0.5488001276863569,0.6351315554276246,0.5659992762972575,1,4.857142857142857,,1,True,False
BISCUIT/Biscuit_Fat_40_RandomSplit,BISCUIT,Biscuit_Fat_40_RandomSplit,ridge,compact,"ridge,pls",by_stage_family,smooth,1,0.5616195479624478,0.5616195479624478,0.5616195479624478,3,3.0,,1,True,False
BISCUIT/Biscuit_Fat_40_RandomSplit,BISCUIT,Biscuit_Fat_40_RandomSplit,ridge,compact,"ridge,pls",by_stage_option,"derivative|savgol_derivative(7,2,1)",1,0.5488001276863569,0.5488001276863569,0.5488001276863569,1,1.0,,1,True,False
BISCUIT/Biscuit_Fat_40_RandomSplit,BISCUIT,Biscuit_Fat_40_RandomSplit,ridge,compact,"ridge,pls",by_stage_option,baseline|detrend_poly(1),2,0.5488001276863569,0.5509383684487554,0.5509383684487554,1,1.5,,1,True,False
BISCUIT/Biscuit_Fat_40_RandomSplit,BISCUIT,Biscuit_Fat_40_RandomSplit,ridge,compact,"ridge,pls",by_stage_option,"smooth|savgol_smooth(5,2)",1,0.5616195479624478,0.5616195479624478,0.5616195479624478,3,3.0,,1,True,False
BISCUIT/Biscuit_Fat_40_RandomSplit,BISCUIT,Biscuit_Fat_40_RandomSplit,ridge,compact,"ridge,pls",by_stage_option,derivative|finite_difference(1),5,0.5616195479624478,0.6151404544731435,0.5659992762972575,3,5.0,,1,True,False
BISCUIT/Biscuit_Fat_40_RandomSplit,BISCUIT,Biscuit_Fat_40_RandomSplit,ridge,compact,"ridge,pls",by_stage_option,"derivative|norris_williams(5,5,1)",1,0.8214184879412977,0.8214184879412977,0.8214184879412977,8,8.0,,1,True,False
BISCUIT/Biscuit_Fat_40_RandomSplit,BISCUIT,Biscuit_Fat_40_RandomSplit,ridge,compact,"ridge,pls",by_head_stage_option,"ridge|derivative|savgol_derivative(7,2,1)",1,0.5488001276863569,0.5488001276863569,0.5488001276863569,1,1.0,,1,True,False
BISCUIT/Biscuit_Fat_40_RandomSplit,BISCUIT,Biscuit_Fat_40_RandomSplit,ridge,compact,"ridge,pls",by_head_stage_option,ridge|baseline|detrend_poly(1),2,0.5488001276863569,0.5509383684487554,0.5509383684487554,1,1.5,,1,True,False
BISCUIT/Biscuit_Fat_40_RandomSplit,BISCUIT,Biscuit_Fat_40_RandomSplit,ridge,compact,"ridge,pls",by_head_stage_option,"ridge|smooth|savgol_smooth(5,2)",1,0.5616195479624478,0.5616195479624478,0.5616195479624478,3,3.0,,1,True,False
BISCUIT/Biscuit_Fat_40_RandomSplit,BISCUIT,Biscuit_Fat_40_RandomSplit,ridge,compact,"ridge,pls",by_head_stage_option,ridge|derivative|finite_difference(1),4,0.5616195479624478,0.5642155244194025,0.5643320799855617,3,4.5,,1,True,False
BISCUIT/Biscuit_Fat_40_RandomSplit,BISCUIT,Biscuit_Fat_40_RandomSplit,ridge,compact,"ridge,pls",by_head_stage_option,pls|derivative|finite_difference(1),1,0.8188401746881072,0.8188401746881072,0.8188401746881072,7,7.0,,1,True,False
BISCUIT/Biscuit_Fat_40_RandomSplit,BISCUIT,Biscuit_Fat_40_RandomSplit,ridge,compact,"ridge,pls",by_head_stage_option,"pls|derivative|norris_williams(5,5,1)",1,0.8214184879412977,0.8214184879412977,0.8214184879412977,8,8.0,,1,True,False
BISCUIT/Biscuit_Sucrose_40_RandomSplit,BISCUIT,Biscuit_Sucrose_40_RandomSplit,pls,compact,"ridge,pls",by_operator,finite_difference,2,1.8361493498764954,1.838033392368975,1.838033392368975,1,1.5,0.34770472230794813,1,True,False
BISCUIT/Biscuit_Sucrose_40_RandomSplit,BISCUIT,Biscuit_Sucrose_40_RandomSplit,pls,compact,"ridge,pls",by_operator,savgol_smooth,2,1.8399174348614542,2.0118049930847173,2.0118049930847173,2,4.5,0.3439366373229893,1,True,False
BISCUIT/Biscuit_Sucrose_40_RandomSplit,BISCUIT,Biscuit_Sucrose_40_RandomSplit,pls,compact,"ridge,pls",by_operator,savgol_derivative,3,1.8476084326575235,1.874422972911993,1.8550535336790341,3,4.333333333333333,0.33624563952692,1,True,False
BISCUIT/Biscuit_Sucrose_40_RandomSplit,BISCUIT,Biscuit_Sucrose_40_RandomSplit,pls,compact,"ridge,pls",by_operator,norris_williams,1,1.9028098665831985,1.9028098665831985,1.9028098665831985,5,5.0,0.281044205601245,1,True,False
BISCUIT/Biscuit_Sucrose_40_RandomSplit,BISCUIT,Biscuit_Sucrose_40_RandomSplit,pls,compact,"ridge,pls",by_operator,detrend_poly,1,1.9206069523994214,1.9206069523994214,1.9206069523994214,6,6.0,0.26324711978502213,1,True,False
BISCUIT/Biscuit_Sucrose_40_RandomSplit,BISCUIT,Biscuit_Sucrose_40_RandomSplit,pls,compact,"ridge,pls",by_operator,identity,1,2.1838540721844435,2.1838540721844435,2.1838540721844435,8,8.0,0.0,1,True,False
BISCUIT/Biscuit_Sucrose_40_RandomSplit,BISCUIT,Biscuit_Sucrose_40_RandomSplit,pls,compact,"ridge,pls",by_stage_family,derivative,6,1.8361493498764954,1.8670242616761878,1.8513309831682787,1,3.5,0.34770472230794813,1,True,False
BISCUIT/Biscuit_Sucrose_40_RandomSplit,BISCUIT,Biscuit_Sucrose_40_RandomSplit,pls,compact,"ridge,pls",by_stage_family,smooth,2,1.8399174348614542,2.0118049930847173,2.0118049930847173,2,4.5,0.3439366373229893,1,True,False
BISCUIT/Biscuit_Sucrose_40_RandomSplit,BISCUIT,Biscuit_Sucrose_40_RandomSplit,pls,compact,"ridge,pls",by_stage_family,baseline,1,1.9206069523994214,1.9206069523994214,1.9206069523994214,6,6.0,0.26324711978502213,1,True,False
BISCUIT/Biscuit_Sucrose_40_RandomSplit,BISCUIT,Biscuit_Sucrose_40_RandomSplit,pls,compact,"ridge,pls",by_stage_family,identity,1,2.1838540721844435,2.1838540721844435,2.1838540721844435,8,8.0,0.0,1,True,False
BISCUIT/Biscuit_Sucrose_40_RandomSplit,BISCUIT,Biscuit_Sucrose_40_RandomSplit,pls,compact,"ridge,pls",by_stage_option,derivative|finite_difference(1),2,1.8361493498764954,1.838033392368975,1.838033392368975,1,1.5,0.34770472230794813,1,True,False
BISCUIT/Biscuit_Sucrose_40_RandomSplit,BISCUIT,Biscuit_Sucrose_40_RandomSplit,pls,compact,"ridge,pls",by_stage_option,"smooth|savgol_smooth(5,2)",1,1.8399174348614542,1.8399174348614542,1.8399174348614542,2,2.0,0.3439366373229893,1,True,False
BISCUIT/Biscuit_Sucrose_40_RandomSplit,BISCUIT,Biscuit_Sucrose_40_RandomSplit,pls,compact,"ridge,pls",by_stage_option,"derivative|savgol_derivative(7,2,1)",2,1.8476084326575235,1.8841076925284725,1.8841076925284725,3,4.5,0.33624563952692,1,True,False
BISCUIT/Biscuit_Sucrose_40_RandomSplit,BISCUIT,Biscuit_Sucrose_40_RandomSplit,pls,compact,"ridge,pls",by_stage_option,"derivative|savgol_derivative(11,2,2)",1,1.8550535336790341,1.8550535336790341,1.8550535336790341,4,4.0,0.32880053850540936,1,True,False
BISCUIT/Biscuit_Sucrose_40_RandomSplit,BISCUIT,Biscuit_Sucrose_40_RandomSplit,pls,compact,"ridge,pls",by_stage_option,"derivative|norris_williams(5,5,1)",1,1.9028098665831985,1.9028098665831985,1.9028098665831985,5,5.0,0.281044205601245,1,True,False
BISCUIT/Biscuit_Sucrose_40_RandomSplit,BISCUIT,Biscuit_Sucrose_40_RandomSplit,pls,compact,"ridge,pls",by_stage_option,baseline|detrend_poly(1),1,1.9206069523994214,1.9206069523994214,1.9206069523994214,6,6.0,0.26324711978502213,1,True,False
BISCUIT/Biscuit_Sucrose_40_RandomSplit,BISCUIT,Biscuit_Sucrose_40_RandomSplit,pls,compact,"ridge,pls",by_stage_option,"smooth|savgol_smooth(7,2)",1,2.183692551307981,2.183692551307981,2.183692551307981,7,7.0,0.0001615208764627063,1,True,False
BISCUIT/Biscuit_Sucrose_40_RandomSplit,BISCUIT,Biscuit_Sucrose_40_RandomSplit,pls,compact,"ridge,pls",by_stage_option,identity|identity,1,2.1838540721844435,2.1838540721844435,2.1838540721844435,8,8.0,0.0,1,True,False
BISCUIT/Biscuit_Sucrose_40_RandomSplit,BISCUIT,Biscuit_Sucrose_40_RandomSplit,pls,compact,"ridge,pls",by_head_stage_option,pls|derivative|finite_difference(1),2,1.8361493498764954,1.838033392368975,1.838033392368975,1,1.5,0.34770472230794813,1,True,False
BISCUIT/Biscuit_Sucrose_40_RandomSplit,BISCUIT,Biscuit_Sucrose_40_RandomSplit,pls,compact,"ridge,pls",by_head_stage_option,"pls|smooth|savgol_smooth(5,2)",1,1.8399174348614542,1.8399174348614542,1.8399174348614542,2,2.0,0.3439366373229893,1,True,False
BISCUIT/Biscuit_Sucrose_40_RandomSplit,BISCUIT,Biscuit_Sucrose_40_RandomSplit,pls,compact,"ridge,pls",by_head_stage_option,"pls|derivative|savgol_derivative(7,2,1)",2,1.8476084326575235,1.8841076925284725,1.8841076925284725,3,4.5,0.33624563952692,1,True,False
BISCUIT/Biscuit_Sucrose_40_RandomSplit,BISCUIT,Biscuit_Sucrose_40_RandomSplit,pls,compact,"ridge,pls",by_head_stage_option,"pls|derivative|savgol_derivative(11,2,2)",1,1.8550535336790341,1.8550535336790341,1.8550535336790341,4,4.0,0.32880053850540936,1,True,False
BISCUIT/Biscuit_Sucrose_40_RandomSplit,BISCUIT,Biscuit_Sucrose_40_RandomSplit,pls,compact,"ridge,pls",by_head_stage_option,"pls|derivative|norris_williams(5,5,1)",1,1.9028098665831985,1.9028098665831985,1.9028098665831985,5,5.0,0.281044205601245,1,True,False
BISCUIT/Biscuit_Sucrose_40_RandomSplit,BISCUIT,Biscuit_Sucrose_40_RandomSplit,pls,compact,"ridge,pls",by_head_stage_option,pls|baseline|detrend_poly(1),1,1.9206069523994214,1.9206069523994214,1.9206069523994214,6,6.0,0.26324711978502213,1,True,False
BISCUIT/Biscuit_Sucrose_40_RandomSplit,BISCUIT,Biscuit_Sucrose_40_RandomSplit,pls,compact,"ridge,pls",by_head_stage_option,"ridge|smooth|savgol_smooth(7,2)",1,2.183692551307981,2.183692551307981,2.183692551307981,7,7.0,0.0001615208764627063,1,True,False
BISCUIT/Biscuit_Sucrose_40_RandomSplit,BISCUIT,Biscuit_Sucrose_40_RandomSplit,pls,compact,"ridge,pls",by_head_stage_option,ridge|identity|identity,1,2.1838540721844435,2.1838540721844435,2.1838540721844435,8,8.0,0.0,1,True,False
COLZA/C_woOutlier,COLZA,C_woOutlier,ridge,compact,"ridge,pls",by_operator,savgol_smooth,2,1.5524989104295919,1.5553852447658623,1.5553852447658623,1,1.5,0.010613202369106345,1,True,False
COLZA/C_woOutlier,COLZA,C_woOutlier,ridge,compact,"ridge,pls",by_operator,identity,1,1.5631121127986982,1.5631121127986982,1.5631121127986982,3,3.0,0.0,1,True,False
COLZA/C_woOutlier,COLZA,C_woOutlier,ridge,compact,"ridge,pls",by_operator,detrend_poly,2,1.6124765503721312,1.6179642811709671,1.6179642811709671,4,4.5,-0.04936443757343301,1,True,False
COLZA/C_woOutlier,COLZA,C_woOutlier,ridge,compact,"ridge,pls",by_operator,norris_williams,2,1.6124765503721312,1.6202274021652885,1.6202274021652885,4,5.0,-0.04936443757343301,1,True,False
COLZA/C_woOutlier,COLZA,C_woOutlier,ridge,compact,"ridge,pls",by_operator,savgol_derivative,2,2.3382491493933233,2.388657183084467,2.388657183084467,7,7.5,-0.7751370365946251,1,True,False
COLZA/C_woOutlier,COLZA,C_woOutlier,ridge,compact,"ridge,pls",by_stage_family,smooth,2,1.5524989104295919,1.5553852447658623,1.5553852447658623,1,1.5,0.010613202369106345,1,True,False
COLZA/C_woOutlier,COLZA,C_woOutlier,ridge,compact,"ridge,pls",by_stage_family,identity,1,1.5631121127986982,1.5631121127986982,1.5631121127986982,3,3.0,0.0,1,True,False
COLZA/C_woOutlier,COLZA,C_woOutlier,ridge,compact,"ridge,pls",by_stage_family,baseline,2,1.6124765503721312,1.6179642811709671,1.6179642811709671,4,4.5,-0.04936443757343301,1,True,False
COLZA/C_woOutlier,COLZA,C_woOutlier,ridge,compact,"ridge,pls",by_stage_family,derivative,4,1.6124765503721312,2.0044422926248777,1.9831137016758844,4,6.25,-0.04936443757343301,1,True,False
COLZA/C_woOutlier,COLZA,C_woOutlier,ridge,compact,"ridge,pls",by_stage_option,"smooth|savgol_smooth(7,2)",1,1.5524989104295919,1.5524989104295919,1.5524989104295919,1,1.0,0.010613202369106345,1,True,False
COLZA/C_woOutlier,COLZA,C_woOutlier,ridge,compact,"ridge,pls",by_stage_option,"smooth|savgol_smooth(5,2)",1,1.5582715791021327,1.5582715791021327,1.5582715791021327,2,2.0,0.004840533696565563,1,True,False
COLZA/C_woOutlier,COLZA,C_woOutlier,ridge,compact,"ridge,pls",by_stage_option,identity|identity,1,1.5631121127986982,1.5631121127986982,1.5631121127986982,3,3.0,0.0,1,True,False
COLZA/C_woOutlier,COLZA,C_woOutlier,ridge,compact,"ridge,pls",by_stage_option,baseline|detrend_poly(1),2,1.6124765503721312,1.6179642811709671,1.6179642811709671,4,4.5,-0.04936443757343301,1,True,False
COLZA/C_woOutlier,COLZA,C_woOutlier,ridge,compact,"ridge,pls",by_stage_option,"derivative|norris_williams(5,5,1)",2,1.6124765503721312,1.6202274021652885,1.6202274021652885,4,5.0,-0.04936443757343301,1,True,False
COLZA/C_woOutlier,COLZA,C_woOutlier,ridge,compact,"ridge,pls",by_stage_option,"derivative|savgol_derivative(11,2,2)",2,2.3382491493933233,2.388657183084467,2.388657183084467,7,7.5,-0.7751370365946251,1,True,False
COLZA/C_woOutlier,COLZA,C_woOutlier,ridge,compact,"ridge,pls",by_head_stage_option,"ridge|smooth|savgol_smooth(7,2)",1,1.5524989104295919,1.5524989104295919,1.5524989104295919,1,1.0,0.010613202369106345,1,True,False
COLZA/C_woOutlier,COLZA,C_woOutlier,ridge,compact,"ridge,pls",by_head_stage_option,"ridge|smooth|savgol_smooth(5,2)",1,1.5582715791021327,1.5582715791021327,1.5582715791021327,2,2.0,0.004840533696565563,1,True,False
COLZA/C_woOutlier,COLZA,C_woOutlier,ridge,compact,"ridge,pls",by_head_stage_option,ridge|identity|identity,1,1.5631121127986982,1.5631121127986982,1.5631121127986982,3,3.0,0.0,1,True,False
COLZA/C_woOutlier,COLZA,C_woOutlier,ridge,compact,"ridge,pls",by_head_stage_option,ridge|baseline|detrend_poly(1),2,1.6124765503721312,1.6179642811709671,1.6179642811709671,4,4.5,-0.04936443757343301,1,True,False
COLZA/C_woOutlier,COLZA,C_woOutlier,ridge,compact,"ridge,pls",by_head_stage_option,"ridge|derivative|norris_williams(5,5,1)",2,1.6124765503721312,1.6202274021652885,1.6202274021652885,4,5.0,-0.04936443757343301,1,True,False
COLZA/C_woOutlier,COLZA,C_woOutlier,ridge,compact,"ridge,pls",by_head_stage_option,"pls|derivative|savgol_derivative(11,2,2)",2,2.3382491493933233,2.388657183084467,2.388657183084467,7,7.5,-0.7751370365946251,1,True,False
COLZA/N_wOutlier,COLZA,N_wOutlier,ridge,compact,"ridge,pls",by_operator,savgol_smooth,4,0.46284114539748883,0.4857826695539934,0.4859672697447365,1,3.0,0.0020817382446793875,1,True,False
COLZA/N_wOutlier,COLZA,N_wOutlier,ridge,compact,"ridge,pls",by_operator,identity,2,0.4649228836421682,0.48670694008338033,0.48670694008338033,3,4.5,0.0,1,True,False
COLZA/N_wOutlier,COLZA,N_wOutlier,ridge,compact,"ridge,pls",by_operator,savgol_derivative,1,0.6106742536113516,0.6106742536113516,0.6106742536113516,7,7.0,-0.14575136996918342,1,True,False
COLZA/N_wOutlier,COLZA,N_wOutlier,ridge,compact,"ridge,pls",by_operator,finite_difference,1,0.6442725202036221,0.6442725202036221,0.6442725202036221,8,8.0,-0.17934963656145392,1,True,False
COLZA/N_wOutlier,COLZA,N_wOutlier,ridge,compact,"ridge,pls",by_stage_family,smooth,4,0.46284114539748883,0.4857826695539934,0.4859672697447365,1,3.0,0.0020817382446793875,1,True,False
COLZA/N_wOutlier,COLZA,N_wOutlier,ridge,compact,"ridge,pls",by_stage_family,identity,2,0.4649228836421682,0.48670694008338033,0.48670694008338033,3,4.5,0.0,1,True,False
COLZA/N_wOutlier,COLZA,N_wOutlier,ridge,compact,"ridge,pls",by_stage_family,derivative,2,0.6106742536113516,0.6274733869074869,0.6274733869074869,7,7.5,-0.14575136996918342,1,True,False
COLZA/N_wOutlier,COLZA,N_wOutlier,ridge,compact,"ridge,pls",by_stage_option,"smooth|savgol_smooth(7,2)",2,0.46284114539748883,0.48551678762346073,0.48551678762346073,1,2.5,0.0020817382446793875,1,True,False
COLZA/N_wOutlier,COLZA,N_wOutlier,ridge,compact,"ridge,pls",by_stage_option,"smooth|savgol_smooth(5,2)",2,0.4637421096400404,0.4860485514845261,0.4860485514845261,2,3.5,0.0011807740021277935,1,True,False
COLZA/N_wOutlier,COLZA,N_wOutlier,ridge,compact,"ridge,pls",by_stage_option,identity|identity,2,0.4649228836421682,0.48670694008338033,0.48670694008338033,3,4.5,0.0,1,True,False
COLZA/N_wOutlier,COLZA,N_wOutlier,ridge,compact,"ridge,pls",by_stage_option,"derivative|savgol_derivative(11,2,2)",1,0.6106742536113516,0.6106742536113516,0.6106742536113516,7,7.0,-0.14575136996918342,1,True,False
COLZA/N_wOutlier,COLZA,N_wOutlier,ridge,compact,"ridge,pls",by_stage_option,derivative|finite_difference(1),1,0.6442725202036221,0.6442725202036221,0.6442725202036221,8,8.0,-0.17934963656145392,1,True,False
COLZA/N_wOutlier,COLZA,N_wOutlier,ridge,compact,"ridge,pls",by_head_stage_option,"ridge|smooth|savgol_smooth(7,2)",2,0.46284114539748883,0.48551678762346073,0.48551678762346073,1,2.5,0.0020817382446793875,1,True,False
COLZA/N_wOutlier,COLZA,N_wOutlier,ridge,compact,"ridge,pls",by_head_stage_option,"ridge|smooth|savgol_smooth(5,2)",2,0.4637421096400404,0.4860485514845261,0.4860485514845261,2,3.5,0.0011807740021277935,1,True,False
COLZA/N_wOutlier,COLZA,N_wOutlier,ridge,compact,"ridge,pls",by_head_stage_option,ridge|identity|identity,2,0.4649228836421682,0.48670694008338033,0.48670694008338033,3,4.5,0.0,1,True,False
COLZA/N_wOutlier,COLZA,N_wOutlier,ridge,compact,"ridge,pls",by_head_stage_option,"pls|derivative|savgol_derivative(11,2,2)",1,0.6106742536113516,0.6106742536113516,0.6106742536113516,7,7.0,-0.14575136996918342,1,True,False
COLZA/N_wOutlier,COLZA,N_wOutlier,ridge,compact,"ridge,pls",by_head_stage_option,pls|derivative|finite_difference(1),1,0.6442725202036221,0.6442725202036221,0.6442725202036221,8,8.0,-0.17934963656145392,1,True,False
COLZA/N_woOutlier,COLZA,N_woOutlier,ridge,compact,"ridge,pls",by_operator,savgol_smooth,2,0.35266888341807523,0.3529091075958543,0.3529091075958543,1,1.5,0.0008286760267569582,1,True,False
COLZA/N_woOutlier,COLZA,N_woOutlier,ridge,compact,"ridge,pls",by_operator,identity,1,0.3534975594448322,0.3534975594448322,0.3534975594448322,3,3.0,0.0,1,True,False
COLZA/N_woOutlier,COLZA,N_woOutlier,ridge,compact,"ridge,pls",by_operator,detrend_poly,2,0.3570417114877483,0.3578497171999815,0.3578497171999815,4,4.5,-0.0035441520429161377,1,True,False
COLZA/N_woOutlier,COLZA,N_woOutlier,ridge,compact,"ridge,pls",by_operator,norris_williams,2,0.3586577229122146,0.36089246886776416,0.36089246886776416,5,5.5,-0.005160163467382406,1,True,False
COLZA/N_woOutlier,COLZA,N_woOutlier,ridge,compact,"ridge,pls",by_operator,savgol_derivative,1,0.603729597553423,0.603729597553423,0.603729597553423,7,7.0,-0.25023203810859085,1,True,False
COLZA/N_woOutlier,COLZA,N_woOutlier,ridge,compact,"ridge,pls",by_operator,finite_difference,1,0.6329676774513253,0.6329676774513253,0.6329676774513253,8,8.0,-0.27947011800649313,1,True,False
COLZA/N_woOutlier,COLZA,N_woOutlier,ridge,compact,"ridge,pls",by_stage_family,smooth,2,0.35266888341807523,0.3529091075958543,0.3529091075958543,1,1.5,0.0008286760267569582,1,True,False
COLZA/N_woOutlier,COLZA,N_woOutlier,ridge,compact,"ridge,pls",by_stage_family,identity,1,0.3534975594448322,0.3534975594448322,0.3534975594448322,3,3.0,0.0,1,True,False
COLZA/N_woOutlier,COLZA,N_woOutlier,ridge,compact,"ridge,pls",by_stage_family,baseline,2,0.3570417114877483,0.3578497171999815,0.3578497171999815,4,4.5,-0.0035441520429161377,1,True,False
COLZA/N_woOutlier,COLZA,N_woOutlier,ridge,compact,"ridge,pls",by_stage_family,derivative,4,0.3586577229122146,0.4896205531850692,0.48342840618836835,5,6.5,-0.005160163467382406,1,True,False
COLZA/N_woOutlier,COLZA,N_woOutlier,ridge,compact,"ridge,pls",by_stage_option,"smooth|savgol_smooth(7,2)",1,0.35266888341807523,0.35266888341807523,0.35266888341807523,1,1.0,0.0008286760267569582,1,True,False
COLZA/N_woOutlier,COLZA,N_woOutlier,ridge,compact,"ridge,pls",by_stage_option,"smooth|savgol_smooth(5,2)",1,0.3531493317736334,0.3531493317736334,0.3531493317736334,2,2.0,0.0003482276711987975,1,True,False
COLZA/N_woOutlier,COLZA,N_woOutlier,ridge,compact,"ridge,pls",by_stage_option,identity|identity,1,0.3534975594448322,0.3534975594448322,0.3534975594448322,3,3.0,0.0,1,True,False
COLZA/N_woOutlier,COLZA,N_woOutlier,ridge,compact,"ridge,pls",by_stage_option,baseline|detrend_poly(1),2,0.3570417114877483,0.3578497171999815,0.3578497171999815,4,4.5,-0.0035441520429161377,1,True,False
COLZA/N_woOutlier,COLZA,N_woOutlier,ridge,compact,"ridge,pls",by_stage_option,"derivative|norris_williams(5,5,1)",2,0.3586577229122146,0.36089246886776416,0.36089246886776416,5,5.5,-0.005160163467382406,1,True,False
COLZA/N_woOutlier,COLZA,N_woOutlier,ridge,compact,"ridge,pls",by_stage_option,"derivative|savgol_derivative(11,2,2)",1,0.603729597553423,0.603729597553423,0.603729597553423,7,7.0,-0.25023203810859085,1,True,False
COLZA/N_woOutlier,COLZA,N_woOutlier,ridge,compact,"ridge,pls",by_stage_option,derivative|finite_difference(1),1,0.6329676774513253,0.6329676774513253,0.6329676774513253,8,8.0,-0.27947011800649313,1,True,False
COLZA/N_woOutlier,COLZA,N_woOutlier,ridge,compact,"ridge,pls",by_head_stage_option,"ridge|smooth|savgol_smooth(7,2)",1,0.35266888341807523,0.35266888341807523,0.35266888341807523,1,1.0,0.0008286760267569582,1,True,False
COLZA/N_woOutlier,COLZA,N_woOutlier,ridge,compact,"ridge,pls",by_head_stage_option,"ridge|smooth|savgol_smooth(5,2)",1,0.3531493317736334,0.3531493317736334,0.3531493317736334,2,2.0,0.0003482276711987975,1,True,False
COLZA/N_woOutlier,COLZA,N_woOutlier,ridge,compact,"ridge,pls",by_head_stage_option,ridge|identity|identity,1,0.3534975594448322,0.3534975594448322,0.3534975594448322,3,3.0,0.0,1,True,False
COLZA/N_woOutlier,COLZA,N_woOutlier,ridge,compact,"ridge,pls",by_head_stage_option,ridge|baseline|detrend_poly(1),2,0.3570417114877483,0.3578497171999815,0.3578497171999815,4,4.5,-0.0035441520429161377,1,True,False
COLZA/N_woOutlier,COLZA,N_woOutlier,ridge,compact,"ridge,pls",by_head_stage_option,"ridge|derivative|norris_williams(5,5,1)",2,0.3586577229122146,0.36089246886776416,0.36089246886776416,5,5.5,-0.005160163467382406,1,True,False
COLZA/N_woOutlier,COLZA,N_woOutlier,ridge,compact,"ridge,pls",by_head_stage_option,"pls|derivative|savgol_derivative(11,2,2)",1,0.603729597553423,0.603729597553423,0.603729597553423,7,7.0,-0.25023203810859085,1,True,False
COLZA/N_woOutlier,COLZA,N_woOutlier,ridge,compact,"ridge,pls",by_head_stage_option,pls|derivative|finite_difference(1),1,0.6329676774513253,0.6329676774513253,0.6329676774513253,8,8.0,-0.27947011800649313,1,True,False
CORN/Corn_Oil_80_ZhengChenPelegYbaseSplit,CORN,Corn_Oil_80_ZhengChenPelegYbaseSplit,ridge,compact,"ridge,pls",by_operator,norris_williams,3,0.02511547453821252,0.028113401732012922,0.027102628021810557,1,3.0,,1,True,False
CORN/Corn_Oil_80_ZhengChenPelegYbaseSplit,CORN,Corn_Oil_80_ZhengChenPelegYbaseSplit,ridge,compact,"ridge,pls",by_operator,detrend_poly,7,0.02511547453821252,0.04185090133273769,0.027179671293470587,1,4.142857142857143,,1,True,False
CORN/Corn_Oil_80_ZhengChenPelegYbaseSplit,CORN,Corn_Oil_80_ZhengChenPelegYbaseSplit,ridge,compact,"ridge,pls",by_operator,savgol_derivative,5,0.027000933420613688,0.06513655898091363,0.03253950984771895,2,5.4,,1,True,False
CORN/Corn_Oil_80_ZhengChenPelegYbaseSplit,CORN,Corn_Oil_80_ZhengChenPelegYbaseSplit,ridge,compact,"ridge,pls",by_stage_family,baseline,7,0.02511547453821252,0.04185090133273769,0.027179671293470587,1,4.142857142857143,,1,True,False
CORN/Corn_Oil_80_ZhengChenPelegYbaseSplit,CORN,Corn_Oil_80_ZhengChenPelegYbaseSplit,ridge,compact,"ridge,pls",by_stage_family,derivative,8,0.02511547453821252,0.05125287501257586,0.029650886964743148,1,4.5,,1,True,False
CORN/Corn_Oil_80_ZhengChenPelegYbaseSplit,CORN,Corn_Oil_80_ZhengChenPelegYbaseSplit,ridge,compact,"ridge,pls",by_stage_option,"derivative|norris_williams(5,5,1)",3,0.02511547453821252,0.028113401732012922,0.027102628021810557,1,3.0,,1,True,False
CORN/Corn_Oil_80_ZhengChenPelegYbaseSplit,CORN,Corn_Oil_80_ZhengChenPelegYbaseSplit,ridge,compact,"ridge,pls",by_stage_option,baseline|detrend_poly(1),7,0.02511547453821252,0.04185090133273769,0.027179671293470587,1,4.142857142857143,,1,True,False
CORN/Corn_Oil_80_ZhengChenPelegYbaseSplit,CORN,Corn_Oil_80_ZhengChenPelegYbaseSplit,ridge,compact,"ridge,pls",by_stage_option,"derivative|savgol_derivative(7,2,1)",4,0.027000933420613688,0.05215402603328126,0.02985959057059477,2,5.0,,1,True,False
CORN/Corn_Oil_80_ZhengChenPelegYbaseSplit,CORN,Corn_Oil_80_ZhengChenPelegYbaseSplit,ridge,compact,"ridge,pls",by_stage_option,"derivative|savgol_derivative(11,2,2)",1,0.11706669077144309,0.11706669077144309,0.11706669077144309,7,7.0,,1,True,False
CORN/Corn_Oil_80_ZhengChenPelegYbaseSplit,CORN,Corn_Oil_80_ZhengChenPelegYbaseSplit,ridge,compact,"ridge,pls",by_head_stage_option,"ridge|derivative|norris_williams(5,5,1)",3,0.02511547453821252,0.028113401732012922,0.027102628021810557,1,3.0,,1,True,False
CORN/Corn_Oil_80_ZhengChenPelegYbaseSplit,CORN,Corn_Oil_80_ZhengChenPelegYbaseSplit,ridge,compact,"ridge,pls",by_head_stage_option,ridge|baseline|detrend_poly(1),6,0.02511547453821252,0.028510053292973667,0.02714114965764057,1,3.5,,1,True,False
CORN/Corn_Oil_80_ZhengChenPelegYbaseSplit,CORN,Corn_Oil_80_ZhengChenPelegYbaseSplit,ridge,compact,"ridge,pls",by_head_stage_option,"ridge|derivative|savgol_derivative(7,2,1)",3,0.027000933420613688,0.02890670485393441,0.027179671293470587,2,4.0,,1,True,False
CORN/Corn_Oil_80_ZhengChenPelegYbaseSplit,CORN,Corn_Oil_80_ZhengChenPelegYbaseSplit,ridge,compact,"ridge,pls",by_head_stage_option,"pls|derivative|savgol_derivative(11,2,2)",1,0.11706669077144309,0.11706669077144309,0.11706669077144309,7,7.0,,1,True,False
CORN/Corn_Oil_80_ZhengChenPelegYbaseSplit,CORN,Corn_Oil_80_ZhengChenPelegYbaseSplit,ridge,compact,"ridge,pls",by_head_stage_option,pls|baseline|detrend_poly(1),1,0.1218959895713218,0.1218959895713218,0.1218959895713218,8,8.0,,1,True,False
CORN/Corn_Oil_80_ZhengChenPelegYbaseSplit,CORN,Corn_Oil_80_ZhengChenPelegYbaseSplit,ridge,compact,"ridge,pls",by_head_stage_option,"pls|derivative|savgol_derivative(7,2,1)",1,0.1218959895713218,0.1218959895713218,0.1218959895713218,8,8.0,,1,True,False
CORN/Corn_Starch_80_ZhengChenPelegYbaseSplit,CORN,Corn_Starch_80_ZhengChenPelegYbaseSplit,ridge,compact,"ridge,pls",by_operator,norris_williams,3,0.09078198370041657,0.11670686890818838,0.10244070206108827,1,2.6666666666666665,,1,True,False
CORN/Corn_Starch_80_ZhengChenPelegYbaseSplit,CORN,Corn_Starch_80_ZhengChenPelegYbaseSplit,ridge,compact,"ridge,pls",by_operator,savgol_derivative,5,0.14016638921488575,0.3445040840375363,0.17917660428897314,3,5.6,,1,True,False
CORN/Corn_Starch_80_ZhengChenPelegYbaseSplit,CORN,Corn_Starch_80_ZhengChenPelegYbaseSplit,ridge,compact,"ridge,pls",by_operator,detrend_poly,1,0.6932060997988757,0.6932060997988757,0.6932060997988757,8,8.0,,1,True,False
CORN/Corn_Starch_80_ZhengChenPelegYbaseSplit,CORN,Corn_Starch_80_ZhengChenPelegYbaseSplit,ridge,compact,"ridge,pls",by_stage_family,derivative,8,0.09078198370041657,0.25908012836403077,0.15107738381828267,1,4.5,,1,True,False
CORN/Corn_Starch_80_ZhengChenPelegYbaseSplit,CORN,Corn_Starch_80_ZhengChenPelegYbaseSplit,ridge,compact,"ridge,pls",by_stage_family,baseline,1,0.6932060997988757,0.6932060997988757,0.6932060997988757,8,8.0,,1,True,False
CORN/Corn_Starch_80_ZhengChenPelegYbaseSplit,CORN,Corn_Starch_80_ZhengChenPelegYbaseSplit,ridge,compact,"ridge,pls",by_stage_option,"derivative|norris_williams(5,5,1)",3,0.09078198370041657,0.11670686890818838,0.10244070206108827,1,2.6666666666666665,,1,True,False
CORN/Corn_Starch_80_ZhengChenPelegYbaseSplit,CORN,Corn_Starch_80_ZhengChenPelegYbaseSplit,ridge,compact,"ridge,pls",by_stage_option,"derivative|savgol_derivative(7,2,1)",4,0.14016638921488575,0.2894514849940599,0.1622167254812391,3,5.25,,1,True,False
CORN/Corn_Starch_80_ZhengChenPelegYbaseSplit,CORN,Corn_Starch_80_ZhengChenPelegYbaseSplit,ridge,compact,"ridge,pls",by_stage_option,"derivative|savgol_derivative(11,2,2)",1,0.5647144802114415,0.5647144802114415,0.5647144802114415,7,7.0,,1,True,False
CORN/Corn_Starch_80_ZhengChenPelegYbaseSplit,CORN,Corn_Starch_80_ZhengChenPelegYbaseSplit,ridge,compact,"ridge,pls",by_stage_option,baseline|detrend_poly(1),1,0.6932060997988757,0.6932060997988757,0.6932060997988757,8,8.0,,1,True,False
CORN/Corn_Starch_80_ZhengChenPelegYbaseSplit,CORN,Corn_Starch_80_ZhengChenPelegYbaseSplit,ridge,compact,"ridge,pls",by_head_stage_option,"ridge|derivative|norris_williams(5,5,1)",3,0.09078198370041657,0.11670686890818838,0.10244070206108827,1,2.6666666666666665,,1,True,False
CORN/Corn_Starch_80_ZhengChenPelegYbaseSplit,CORN,Corn_Starch_80_ZhengChenPelegYbaseSplit,ridge,compact,"ridge,pls",by_head_stage_option,"ridge|derivative|savgol_derivative(7,2,1)",3,0.14016638921488575,0.15486661339245464,0.14525684667350505,3,4.333333333333333,,1,True,False
CORN/Corn_Starch_80_ZhengChenPelegYbaseSplit,CORN,Corn_Starch_80_ZhengChenPelegYbaseSplit,ridge,compact,"ridge,pls",by_head_stage_option,"pls|derivative|savgol_derivative(11,2,2)",1,0.5647144802114415,0.5647144802114415,0.5647144802114415,7,7.0,,1,True,False
CORN/Corn_Starch_80_ZhengChenPelegYbaseSplit,CORN,Corn_Starch_80_ZhengChenPelegYbaseSplit,ridge,compact,"ridge,pls",by_head_stage_option,pls|baseline|detrend_poly(1),1,0.6932060997988757,0.6932060997988757,0.6932060997988757,8,8.0,,1,True,False
CORN/Corn_Starch_80_ZhengChenPelegYbaseSplit,CORN,Corn_Starch_80_ZhengChenPelegYbaseSplit,ridge,compact,"ridge,pls",by_head_stage_option,"pls|derivative|savgol_derivative(7,2,1)",1,0.6932060997988757,0.6932060997988757,0.6932060997988757,8,8.0,,1,True,False
DIESEL/DIESEL_bp50_246_b-a,DIESEL,DIESEL_bp50_246_b-a,ridge,compact,"ridge,pls",by_operator,detrend_poly,3,3.08788515762756,3.199724895046566,3.166517905925095,1,2.3333333333333335,,1,True,False
DIESEL/DIESEL_bp50_246_b-a,DIESEL,DIESEL_bp50_246_b-a,ridge,compact,"ridge,pls",by_operator,norris_williams,2,3.2430192829810633,3.293895452284053,3.293895452284053,3,3.5,,1,True,False
DIESEL/DIESEL_bp50_246_b-a,DIESEL,DIESEL_bp50_246_b-a,ridge,compact,"ridge,pls",by_operator,savgol_derivative,2,3.516284877900353,5.533163709231191,5.533163709231191,5,6.0,,1,True,False
DIESEL/DIESEL_bp50_246_b-a,DIESEL,DIESEL_bp50_246_b-a,ridge,compact,"ridge,pls",by_operator,savgol_smooth,2,3.6098444915320567,5.7282317819936575,5.7282317819936575,6,7.0,,1,True,False
DIESEL/DIESEL_bp50_246_b-a,DIESEL,DIESEL_bp50_246_b-a,ridge,compact,"ridge,pls",by_operator,finite_difference,1,7.846619072455258,7.846619072455258,7.846619072455258,8,8.0,,1,True,False
DIESEL/DIESEL_bp50_246_b-a,DIESEL,DIESEL_bp50_246_b-a,ridge,compact,"ridge,pls",by_stage_family,baseline,3,3.08788515762756,3.199724895046566,3.166517905925095,1,2.3333333333333335,,1,True,False
DIESEL/DIESEL_bp50_246_b-a,DIESEL,DIESEL_bp50_246_b-a,ridge,compact,"ridge,pls",by_stage_family,derivative,5,3.2430192829810633,5.100147479097149,3.516284877900353,3,5.4,,1,True,False
DIESEL/DIESEL_bp50_246_b-a,DIESEL,DIESEL_bp50_246_b-a,ridge,compact,"ridge,pls",by_stage_family,smooth,2,3.6098444915320567,5.7282317819936575,5.7282317819936575,6,7.0,,1,True,False
DIESEL/DIESEL_bp50_246_b-a,DIESEL,DIESEL_bp50_246_b-a,ridge,compact,"ridge,pls",by_stage_option,baseline|detrend_poly(1),2,3.08788515762756,3.216328389607301,3.216328389607301,1,2.5,,1,True,False
DIESEL/DIESEL_bp50_246_b-a,DIESEL,DIESEL_bp50_246_b-a,ridge,compact,"ridge,pls",by_stage_option,baseline|detrend_poly(2),1,3.166517905925095,3.166517905925095,3.166517905925095,2,2.0,,1,True,False
DIESEL/DIESEL_bp50_246_b-a,DIESEL,DIESEL_bp50_246_b-a,ridge,compact,"ridge,pls",by_stage_option,"derivative|norris_williams(5,5,1)",2,3.2430192829810633,3.293895452284053,3.293895452284053,3,3.5,,1,True,False
DIESEL/DIESEL_bp50_246_b-a,DIESEL,DIESEL_bp50_246_b-a,ridge,compact,"ridge,pls",by_stage_option,"derivative|savgol_derivative(7,2,1)",1,3.516284877900353,3.516284877900353,3.516284877900353,5,5.0,,1,True,False
DIESEL/DIESEL_bp50_246_b-a,DIESEL,DIESEL_bp50_246_b-a,ridge,compact,"ridge,pls",by_stage_option,"smooth|savgol_smooth(7,2)",1,3.6098444915320567,3.6098444915320567,3.6098444915320567,6,6.0,,1,True,False
DIESEL/DIESEL_bp50_246_b-a,DIESEL,DIESEL_bp50_246_b-a,ridge,compact,"ridge,pls",by_stage_option,"derivative|savgol_derivative(11,2,2)",1,7.55004254056203,7.55004254056203,7.55004254056203,7,7.0,,1,True,False
DIESEL/DIESEL_bp50_246_b-a,DIESEL,DIESEL_bp50_246_b-a,ridge,compact,"ridge,pls",by_stage_option,derivative|finite_difference(1),1,7.846619072455258,7.846619072455258,7.846619072455258,8,8.0,,1,True,False
DIESEL/DIESEL_bp50_246_b-a,DIESEL,DIESEL_bp50_246_b-a,ridge,compact,"ridge,pls",by_stage_option,"smooth|savgol_smooth(5,2)",1,7.846619072455258,7.846619072455258,7.846619072455258,8,8.0,,1,True,False
DIESEL/DIESEL_bp50_246_b-a,DIESEL,DIESEL_bp50_246_b-a,ridge,compact,"ridge,pls",by_head_stage_option,ridge|baseline|detrend_poly(1),2,3.08788515762756,3.216328389607301,3.216328389607301,1,2.5,,1,True,False
DIESEL/DIESEL_bp50_246_b-a,DIESEL,DIESEL_bp50_246_b-a,ridge,compact,"ridge,pls",by_head_stage_option,ridge|baseline|detrend_poly(2),1,3.166517905925095,3.166517905925095,3.166517905925095,2,2.0,,1,True,False
DIESEL/DIESEL_bp50_246_b-a,DIESEL,DIESEL_bp50_246_b-a,ridge,compact,"ridge,pls",by_head_stage_option,"ridge|derivative|norris_williams(5,5,1)",2,3.2430192829810633,3.293895452284053,3.293895452284053,3,3.5,,1,True,False
DIESEL/DIESEL_bp50_246_b-a,DIESEL,DIESEL_bp50_246_b-a,ridge,compact,"ridge,pls",by_head_stage_option,"ridge|derivative|savgol_derivative(7,2,1)",1,3.516284877900353,3.516284877900353,3.516284877900353,5,5.0,,1,True,False
DIESEL/DIESEL_bp50_246_b-a,DIESEL,DIESEL_bp50_246_b-a,ridge,compact,"ridge,pls",by_head_stage_option,"ridge|smooth|savgol_smooth(7,2)",1,3.6098444915320567,3.6098444915320567,3.6098444915320567,6,6.0,,1,True,False
DIESEL/DIESEL_bp50_246_b-a,DIESEL,DIESEL_bp50_246_b-a,ridge,compact,"ridge,pls",by_head_stage_option,"pls|derivative|savgol_derivative(11,2,2)",1,7.55004254056203,7.55004254056203,7.55004254056203,7,7.0,,1,True,False
DIESEL/DIESEL_bp50_246_b-a,DIESEL,DIESEL_bp50_246_b-a,ridge,compact,"ridge,pls",by_head_stage_option,pls|derivative|finite_difference(1),1,7.846619072455258,7.846619072455258,7.846619072455258,8,8.0,,1,True,False
DIESEL/DIESEL_bp50_246_b-a,DIESEL,DIESEL_bp50_246_b-a,ridge,compact,"ridge,pls",by_head_stage_option,"pls|smooth|savgol_smooth(5,2)",1,7.846619072455258,7.846619072455258,7.846619072455258,8,8.0,,1,True,False
DIESEL/DIESEL_bp50_246_hla-b,DIESEL,DIESEL_bp50_246_hla-b,ridge,compact,"ridge,pls",by_operator,detrend_poly,3,3.9599077693924336,4.039506841020866,3.9938794708609917,1,2.0,0.27435019124695614,1,True,False
DIESEL/DIESEL_bp50_246_hla-b,DIESEL,DIESEL_bp50_246_hla-b,ridge,compact,"ridge,pls",by_operator,finite_difference,3,4.176333944697804,5.505361509292257,4.219117931011467,4,5.666666666666667,0.057924015941585694,1,True,False
DIESEL/DIESEL_bp50_246_hla-b,DIESEL,DIESEL_bp50_246_hla-b,ridge,compact,"ridge,pls",by_operator,savgol_smooth,1,4.219117931011467,4.219117931011467,4.219117931011467,5,5.0,0.015140029627922935,1,True,False
DIESEL/DIESEL_bp50_246_hla-b,DIESEL,DIESEL_bp50_246_hla-b,ridge,compact,"ridge,pls",by_operator,identity,1,4.23425796063939,4.23425796063939,4.23425796063939,6,6.0,0.0,1,True,False
DIESEL/DIESEL_bp50_246_hla-b,DIESEL,DIESEL_bp50_246_hla-b,ridge,compact,"ridge,pls",by_operator,savgol_derivative,1,7.502529623872698,7.502529623872698,7.502529623872698,7,7.0,-3.2682716632333086,1,True,False
DIESEL/DIESEL_bp50_246_hla-b,DIESEL,DIESEL_bp50_246_hla-b,ridge,compact,"ridge,pls",by_stage_family,baseline,3,3.9599077693924336,4.039506841020866,3.9938794708609917,1,2.0,0.27435019124695614,1,True,False
DIESEL/DIESEL_bp50_246_hla-b,DIESEL,DIESEL_bp50_246_hla-b,ridge,compact,"ridge,pls",by_stage_family,derivative,4,4.176333944697804,6.004653537937368,5.860823777442082,4,6.0,0.057924015941585694,1,True,False
DIESEL/DIESEL_bp50_246_hla-b,DIESEL,DIESEL_bp50_246_hla-b,ridge,compact,"ridge,pls",by_stage_family,smooth,1,4.219117931011467,4.219117931011467,4.219117931011467,5,5.0,0.015140029627922935,1,True,False
DIESEL/DIESEL_bp50_246_hla-b,DIESEL,DIESEL_bp50_246_hla-b,ridge,compact,"ridge,pls",by_stage_family,identity,1,4.23425796063939,4.23425796063939,4.23425796063939,6,6.0,0.0,1,True,False
DIESEL/DIESEL_bp50_246_hla-b,DIESEL,DIESEL_bp50_246_hla-b,ridge,compact,"ridge,pls",by_stage_option,baseline|detrend_poly(2),1,3.9599077693924336,3.9599077693924336,3.9599077693924336,1,1.0,0.27435019124695614,1,True,False
DIESEL/DIESEL_bp50_246_hla-b,DIESEL,DIESEL_bp50_246_hla-b,ridge,compact,"ridge,pls",by_stage_option,baseline|detrend_poly(1),2,3.9938794708609917,4.079306376835081,4.079306376835081,2,2.5,0.24037848977839804,1,True,False
DIESEL/DIESEL_bp50_246_hla-b,DIESEL,DIESEL_bp50_246_hla-b,ridge,compact,"ridge,pls",by_stage_option,derivative|finite_difference(1),3,4.176333944697804,5.505361509292257,4.219117931011467,4,5.666666666666667,0.057924015941585694,1,True,False
DIESEL/DIESEL_bp50_246_hla-b,DIESEL,DIESEL_bp50_246_hla-b,ridge,compact,"ridge,pls",by_stage_option,"smooth|savgol_smooth(5,2)",1,4.219117931011467,4.219117931011467,4.219117931011467,5,5.0,0.015140029627922935,1,True,False
DIESEL/DIESEL_bp50_246_hla-b,DIESEL,DIESEL_bp50_246_hla-b,ridge,compact,"ridge,pls",by_stage_option,identity|identity,1,4.23425796063939,4.23425796063939,4.23425796063939,6,6.0,0.0,1,True,False
DIESEL/DIESEL_bp50_246_hla-b,DIESEL,DIESEL_bp50_246_hla-b,ridge,compact,"ridge,pls",by_stage_option,"derivative|savgol_derivative(11,2,2)",1,7.502529623872698,7.502529623872698,7.502529623872698,7,7.0,-3.2682716632333086,1,True,False
DIESEL/DIESEL_bp50_246_hla-b,DIESEL,DIESEL_bp50_246_hla-b,ridge,compact,"ridge,pls",by_head_stage_option,ridge|baseline|detrend_poly(2),1,3.9599077693924336,3.9599077693924336,3.9599077693924336,1,1.0,0.27435019124695614,1,True,False
DIESEL/DIESEL_bp50_246_hla-b,DIESEL,DIESEL_bp50_246_hla-b,ridge,compact,"ridge,pls",by_head_stage_option,ridge|baseline|detrend_poly(1),2,3.9938794708609917,4.079306376835081,4.079306376835081,2,2.5,0.24037848977839804,1,True,False
DIESEL/DIESEL_bp50_246_hla-b,DIESEL,DIESEL_bp50_246_hla-b,ridge,compact,"ridge,pls",by_head_stage_option,ridge|derivative|finite_difference(1),2,4.176333944697804,4.197725937854635,4.197725937854635,4,4.5,0.057924015941585694,1,True,False
DIESEL/DIESEL_bp50_246_hla-b,DIESEL,DIESEL_bp50_246_hla-b,ridge,compact,"ridge,pls",by_head_stage_option,"ridge|smooth|savgol_smooth(5,2)",1,4.219117931011467,4.219117931011467,4.219117931011467,5,5.0,0.015140029627922935,1,True,False
DIESEL/DIESEL_bp50_246_hla-b,DIESEL,DIESEL_bp50_246_hla-b,ridge,compact,"ridge,pls",by_head_stage_option,ridge|identity|identity,1,4.23425796063939,4.23425796063939,4.23425796063939,6,6.0,0.0,1,True,False
DIESEL/DIESEL_bp50_246_hla-b,DIESEL,DIESEL_bp50_246_hla-b,ridge,compact,"ridge,pls",by_head_stage_option,"pls|derivative|savgol_derivative(11,2,2)",1,7.502529623872698,7.502529623872698,7.502529623872698,7,7.0,-3.2682716632333086,1,True,False
DIESEL/DIESEL_bp50_246_hla-b,DIESEL,DIESEL_bp50_246_hla-b,ridge,compact,"ridge,pls",by_head_stage_option,pls|derivative|finite_difference(1),1,8.120632652167503,8.120632652167503,8.120632652167503,8,8.0,-3.886374691528113,1,True,False
DIESEL/DIESEL_bp50_246_hlb-a,DIESEL,DIESEL_bp50_246_hlb-a,ridge,compact,"ridge,pls",by_operator,detrend_poly,5,3.0664038703275662,3.37508875242633,3.4660992943630182,1,3.2,,1,True,False
DIESEL/DIESEL_bp50_246_hlb-a,DIESEL,DIESEL_bp50_246_hlb-a,ridge,compact,"ridge,pls",by_operator,savgol_derivative,3,3.4660992943630182,5.082305694264219,3.5878162760433905,3,5.0,,1,True,False
DIESEL/DIESEL_bp50_246_hlb-a,DIESEL,DIESEL_bp50_246_hlb-a,ridge,compact,"ridge,pls",by_operator,norris_williams,1,3.624981912690951,3.624981912690951,3.624981912690951,6,6.0,,1,True,False
DIESEL/DIESEL_bp50_246_hlb-a,DIESEL,DIESEL_bp50_246_hlb-a,ridge,compact,"ridge,pls",by_operator,finite_difference,1,8.410597290991303,8.410597290991303,8.410597290991303,8,8.0,,1,True,False
DIESEL/DIESEL_bp50_246_hlb-a,DIESEL,DIESEL_bp50_246_hlb-a,ridge,compact,"ridge,pls",by_stage_family,baseline,5,3.0664038703275662,3.37508875242633,3.4660992943630182,1,3.2,,1,True,False
DIESEL/DIESEL_bp50_246_hlb-a,DIESEL,DIESEL_bp50_246_hlb-a,ridge,compact,"ridge,pls",by_stage_family,derivative,5,3.4660992943630182,5.456499257294982,3.624981912690951,3,5.8,,1,True,False
DIESEL/DIESEL_bp50_246_hlb-a,DIESEL,DIESEL_bp50_246_hlb-a,ridge,compact,"ridge,pls",by_stage_option,baseline|detrend_poly(1),4,3.0664038703275662,3.4281947720766226,3.510696652643987,1,3.5,,1,True,False
DIESEL/DIESEL_bp50_246_hlb-a,DIESEL,DIESEL_bp50_246_hlb-a,ridge,compact,"ridge,pls",by_stage_option,baseline|detrend_poly(2),1,3.16266467382516,3.16266467382516,3.16266467382516,2,2.0,,1,True,False
DIESEL/DIESEL_bp50_246_hlb-a,DIESEL,DIESEL_bp50_246_hlb-a,ridge,compact,"ridge,pls",by_stage_option,"derivative|savgol_derivative(7,2,1)",2,3.4660992943630182,3.526957785203204,3.526957785203204,3,4.0,,1,True,False
DIESEL/DIESEL_bp50_246_hlb-a,DIESEL,DIESEL_bp50_246_hlb-a,ridge,compact,"ridge,pls",by_stage_option,"derivative|norris_williams(5,5,1)",1,3.624981912690951,3.624981912690951,3.624981912690951,6,6.0,,1,True,False
DIESEL/DIESEL_bp50_246_hlb-a,DIESEL,DIESEL_bp50_246_hlb-a,ridge,compact,"ridge,pls",by_stage_option,"derivative|savgol_derivative(11,2,2)",1,8.19300151238625,8.19300151238625,8.19300151238625,7,7.0,,1,True,False
DIESEL/DIESEL_bp50_246_hlb-a,DIESEL,DIESEL_bp50_246_hlb-a,ridge,compact,"ridge,pls",by_stage_option,derivative|finite_difference(1),1,8.410597290991303,8.410597290991303,8.410597290991303,8,8.0,,1,True,False
DIESEL/DIESEL_bp50_246_hlb-a,DIESEL,DIESEL_bp50_246_hlb-a,ridge,compact,"ridge,pls",by_head_stage_option,ridge|baseline|detrend_poly(1),4,3.0664038703275662,3.4281947720766226,3.510696652643987,1,3.5,,1,True,False
DIESEL/DIESEL_bp50_246_hlb-a,DIESEL,DIESEL_bp50_246_hlb-a,ridge,compact,"ridge,pls",by_head_stage_option,ridge|baseline|detrend_poly(2),1,3.16266467382516,3.16266467382516,3.16266467382516,2,2.0,,1,True,False
DIESEL/DIESEL_bp50_246_hlb-a,DIESEL,DIESEL_bp50_246_hlb-a,ridge,compact,"ridge,pls",by_head_stage_option,"ridge|derivative|savgol_derivative(7,2,1)",2,3.4660992943630182,3.526957785203204,3.526957785203204,3,4.0,,1,True,False
DIESEL/DIESEL_bp50_246_hlb-a,DIESEL,DIESEL_bp50_246_hlb-a,ridge,compact,"ridge,pls",by_head_stage_option,"ridge|derivative|norris_williams(5,5,1)",1,3.624981912690951,3.624981912690951,3.624981912690951,6,6.0,,1,True,False
DIESEL/DIESEL_bp50_246_hlb-a,DIESEL,DIESEL_bp50_246_hlb-a,ridge,compact,"ridge,pls",by_head_stage_option,"pls|derivative|savgol_derivative(11,2,2)",1,8.19300151238625,8.19300151238625,8.19300151238625,7,7.0,,1,True,False
DIESEL/DIESEL_bp50_246_hlb-a,DIESEL,DIESEL_bp50_246_hlb-a,ridge,compact,"ridge,pls",by_head_stage_option,pls|derivative|finite_difference(1),1,8.410597290991303,8.410597290991303,8.410597290991303,8,8.0,,1,True,False
DarkResp/Rd25_CBtestSite,DarkResp,Rd25_CBtestSite,ridge,compact,"ridge,pls",by_operator,detrend_poly,5,0.1963175680571434,0.2152953586192253,0.20698321197490335,1,4.0,,1,True,False
DarkResp/Rd25_CBtestSite,DarkResp,Rd25_CBtestSite,ridge,compact,"ridge,pls",by_operator,savgol_smooth,2,0.2215347826187258,0.22195706362710704,0.22195706362710704,4,4.5,,1,True,False
DarkResp/Rd25_CBtestSite,DarkResp,Rd25_CBtestSite,ridge,compact,"ridge,pls",by_operator,savgol_derivative,1,0.23950093106911777,0.23950093106911777,0.23950093106911777,7,7.0,,1,True,False
DarkResp/Rd25_CBtestSite,DarkResp,Rd25_CBtestSite,ridge,compact,"ridge,pls",by_operator,norris_williams,1,0.2426298015939956,0.2426298015939956,0.2426298015939956,8,8.0,,1,True,False
DarkResp/Rd25_CBtestSite,DarkResp,Rd25_CBtestSite,ridge,compact,"ridge,pls",by_stage_family,baseline,5,0.1963175680571434,0.2152953586192253,0.20698321197490335,1,4.0,,1,True,False
DarkResp/Rd25_CBtestSite,DarkResp,Rd25_CBtestSite,ridge,compact,"ridge,pls",by_stage_family,smooth,2,0.2215347826187258,0.22195706362710704,0.22195706362710704,4,4.5,,1,True,False
DarkResp/Rd25_CBtestSite,DarkResp,Rd25_CBtestSite,ridge,compact,"ridge,pls",by_stage_family,derivative,2,0.23950093106911777,0.24106536633155667,0.24106536633155667,7,7.5,,1,True,False
DarkResp/Rd25_CBtestSite,DarkResp,Rd25_CBtestSite,ridge,compact,"ridge,pls",by_stage_option,baseline|detrend_poly(1),3,0.1963175680571434,0.21531019387534744,0.20698321197490335,1,4.0,,1,True,False
DarkResp/Rd25_CBtestSite,DarkResp,Rd25_CBtestSite,ridge,compact,"ridge,pls",by_stage_option,baseline|detrend_poly(2),2,0.2063094673855454,0.2152731057350421,0.2152731057350421,2,4.0,,1,True,False
DarkResp/Rd25_CBtestSite,DarkResp,Rd25_CBtestSite,ridge,compact,"ridge,pls",by_stage_option,"smooth|savgol_smooth(7,2)",2,0.2215347826187258,0.22195706362710704,0.22195706362710704,4,4.5,,1,True,False
DarkResp/Rd25_CBtestSite,DarkResp,Rd25_CBtestSite,ridge,compact,"ridge,pls",by_stage_option,"derivative|savgol_derivative(11,2,2)",1,0.23950093106911777,0.23950093106911777,0.23950093106911777,7,7.0,,1,True,False
DarkResp/Rd25_CBtestSite,DarkResp,Rd25_CBtestSite,ridge,compact,"ridge,pls",by_stage_option,"derivative|norris_williams(5,5,1)",1,0.2426298015939956,0.2426298015939956,0.2426298015939956,8,8.0,,1,True,False
DarkResp/Rd25_CBtestSite,DarkResp,Rd25_CBtestSite,ridge,compact,"ridge,pls",by_head_stage_option,ridge|baseline|detrend_poly(1),2,0.1963175680571434,0.20165039001602336,0.20165039001602336,1,2.0,,1,True,False
DarkResp/Rd25_CBtestSite,DarkResp,Rd25_CBtestSite,ridge,compact,"ridge,pls",by_head_stage_option,ridge|baseline|detrend_poly(2),2,0.2063094673855454,0.2152731057350421,0.2152731057350421,2,4.0,,1,True,False
DarkResp/Rd25_CBtestSite,DarkResp,Rd25_CBtestSite,ridge,compact,"ridge,pls",by_head_stage_option,"ridge|smooth|savgol_smooth(7,2)",2,0.2215347826187258,0.22195706362710704,0.22195706362710704,4,4.5,,1,True,False
DarkResp/Rd25_CBtestSite,DarkResp,Rd25_CBtestSite,ridge,compact,"ridge,pls",by_head_stage_option,"pls|derivative|savgol_derivative(11,2,2)",1,0.23950093106911777,0.23950093106911777,0.23950093106911777,7,7.0,,1,True,False
DarkResp/Rd25_CBtestSite,DarkResp,Rd25_CBtestSite,ridge,compact,"ridge,pls",by_head_stage_option,pls|baseline|detrend_poly(1),1,0.2426298015939956,0.2426298015939956,0.2426298015939956,8,8.0,,1,True,False
DarkResp/Rd25_CBtestSite,DarkResp,Rd25_CBtestSite,ridge,compact,"ridge,pls",by_head_stage_option,"pls|derivative|norris_williams(5,5,1)",1,0.2426298015939956,0.2426298015939956,0.2426298015939956,8,8.0,,1,True,False
DarkResp/Rd25_GTtestSite,DarkResp,Rd25_GTtestSite,ridge,compact,"ridge,pls",by_operator,detrend_poly,2,0.22799774574218562,0.22971745864872284,0.22971745864872284,1,1.5,0.010094737531421788,1,True,False
DarkResp/Rd25_GTtestSite,DarkResp,Rd25_GTtestSite,ridge,compact,"ridge,pls",by_operator,identity,1,0.2380924832736074,0.2380924832736074,0.2380924832736074,3,3.0,0.0,1,True,False
DarkResp/Rd25_GTtestSite,DarkResp,Rd25_GTtestSite,ridge,compact,"ridge,pls",by_operator,savgol_smooth,3,0.2395658667186973,0.2407180348206027,0.2401399596899252,4,5.0,-0.0014733834450899042,1,True,False
DarkResp/Rd25_GTtestSite,DarkResp,Rd25_GTtestSite,ridge,compact,"ridge,pls",by_operator,savgol_derivative,2,0.25134137295575626,0.25729482067064396,0.25729482067064396,7,7.5,-0.013248889682148851,1,True,False
DarkResp/Rd25_GTtestSite,DarkResp,Rd25_GTtestSite,ridge,compact,"ridge,pls",by_stage_family,baseline,2,0.22799774574218562,0.22971745864872284,0.22971745864872284,1,1.5,0.010094737531421788,1,True,False
DarkResp/Rd25_GTtestSite,DarkResp,Rd25_GTtestSite,ridge,compact,"ridge,pls",by_stage_family,identity,1,0.2380924832736074,0.2380924832736074,0.2380924832736074,3,3.0,0.0,1,True,False
DarkResp/Rd25_GTtestSite,DarkResp,Rd25_GTtestSite,ridge,compact,"ridge,pls",by_stage_family,smooth,3,0.2395658667186973,0.2407180348206027,0.2401399596899252,4,5.0,-0.0014733834450899042,1,True,False
DarkResp/Rd25_GTtestSite,DarkResp,Rd25_GTtestSite,ridge,compact,"ridge,pls",by_stage_family,derivative,2,0.25134137295575626,0.25729482067064396,0.25729482067064396,7,7.5,-0.013248889682148851,1,True,False
DarkResp/Rd25_GTtestSite,DarkResp,Rd25_GTtestSite,ridge,compact,"ridge,pls",by_stage_option,baseline|detrend_poly(1),1,0.22799774574218562,0.22799774574218562,0.22799774574218562,1,1.0,0.010094737531421788,1,True,False
DarkResp/Rd25_GTtestSite,DarkResp,Rd25_GTtestSite,ridge,compact,"ridge,pls",by_stage_option,baseline|detrend_poly(2),1,0.23143717155526003,0.23143717155526003,0.23143717155526003,2,2.0,0.006655311718347379,1,True,False
DarkResp/Rd25_GTtestSite,DarkResp,Rd25_GTtestSite,ridge,compact,"ridge,pls",by_stage_option,identity|identity,1,0.2380924832736074,0.2380924832736074,0.2380924832736074,3,3.0,0.0,1,True,False
DarkResp/Rd25_GTtestSite,DarkResp,Rd25_GTtestSite,ridge,compact,"ridge,pls",by_stage_option,"smooth|savgol_smooth(7,2)",2,0.2395658667186973,0.24100707238594143,0.24100707238594143,4,5.0,-0.0014733834450899042,1,True,False
DarkResp/Rd25_GTtestSite,DarkResp,Rd25_GTtestSite,ridge,compact,"ridge,pls",by_stage_option,"smooth|savgol_smooth(5,2)",1,0.2401399596899252,0.2401399596899252,0.2401399596899252,5,5.0,-0.0020474764163177783,1,True,False
DarkResp/Rd25_GTtestSite,DarkResp,Rd25_GTtestSite,ridge,compact,"ridge,pls",by_stage_option,"derivative|savgol_derivative(11,2,2)",1,0.25134137295575626,0.25134137295575626,0.25134137295575626,7,7.0,-0.013248889682148851,1,True,False
DarkResp/Rd25_GTtestSite,DarkResp,Rd25_GTtestSite,ridge,compact,"ridge,pls",by_stage_option,"derivative|savgol_derivative(7,2,1)",1,0.26324826838553167,0.26324826838553167,0.26324826838553167,8,8.0,-0.02515578511192426,1,True,False
DarkResp/Rd25_GTtestSite,DarkResp,Rd25_GTtestSite,ridge,compact,"ridge,pls",by_head_stage_option,ridge|baseline|detrend_poly(1),1,0.22799774574218562,0.22799774574218562,0.22799774574218562,1,1.0,0.010094737531421788,1,True,False
DarkResp/Rd25_GTtestSite,DarkResp,Rd25_GTtestSite,ridge,compact,"ridge,pls",by_head_stage_option,ridge|baseline|detrend_poly(2),1,0.23143717155526003,0.23143717155526003,0.23143717155526003,2,2.0,0.006655311718347379,1,True,False
DarkResp/Rd25_GTtestSite,DarkResp,Rd25_GTtestSite,ridge,compact,"ridge,pls",by_head_stage_option,ridge|identity|identity,1,0.2380924832736074,0.2380924832736074,0.2380924832736074,3,3.0,0.0,1,True,False
DarkResp/Rd25_GTtestSite,DarkResp,Rd25_GTtestSite,ridge,compact,"ridge,pls",by_head_stage_option,"ridge|smooth|savgol_smooth(7,2)",2,0.2395658667186973,0.24100707238594143,0.24100707238594143,4,5.0,-0.0014733834450899042,1,True,False
DarkResp/Rd25_GTtestSite,DarkResp,Rd25_GTtestSite,ridge,compact,"ridge,pls",by_head_stage_option,"ridge|smooth|savgol_smooth(5,2)",1,0.2401399596899252,0.2401399596899252,0.2401399596899252,5,5.0,-0.0020474764163177783,1,True,False
DarkResp/Rd25_GTtestSite,DarkResp,Rd25_GTtestSite,ridge,compact,"ridge,pls",by_head_stage_option,"pls|derivative|savgol_derivative(11,2,2)",1,0.25134137295575626,0.25134137295575626,0.25134137295575626,7,7.0,-0.013248889682148851,1,True,False
DarkResp/Rd25_GTtestSite,DarkResp,Rd25_GTtestSite,ridge,compact,"ridge,pls",by_head_stage_option,"pls|derivative|savgol_derivative(7,2,1)",1,0.26324826838553167,0.26324826838553167,0.26324826838553167,8,8.0,-0.02515578511192426,1,True,False
DarkResp/Rd25_XSBNtestSite,DarkResp,Rd25_XSBNtestSite,ridge,compact,"ridge,pls",by_operator,detrend_poly,3,0.20833869083754086,0.21621232709877933,0.21373030032834392,1,3.0,0.008145842490924898,1,True,False
DarkResp/Rd25_XSBNtestSite,DarkResp,Rd25_XSBNtestSite,ridge,compact,"ridge,pls",by_operator,savgol_smooth,2,0.21582780456718256,0.21677733365104657,0.21677733365104657,3,4.0,0.0006567287612831985,1,True,False
DarkResp/Rd25_XSBNtestSite,DarkResp,Rd25_XSBNtestSite,ridge,compact,"ridge,pls",by_operator,identity,1,0.21648453332846576,0.21648453332846576,0.21648453332846576,4,4.0,0.0,1,True,False
DarkResp/Rd25_XSBNtestSite,DarkResp,Rd25_XSBNtestSite,ridge,compact,"ridge,pls",by_operator,savgol_derivative,2,0.24712904862308893,0.24781661961304885,0.24781661961304885,7,7.5,-0.03064451529462317,1,True,False
DarkResp/Rd25_XSBNtestSite,DarkResp,Rd25_XSBNtestSite,ridge,compact,"ridge,pls",by_stage_family,baseline,3,0.20833869083754086,0.21621232709877933,0.21373030032834392,1,3.0,0.008145842490924898,1,True,False
DarkResp/Rd25_XSBNtestSite,DarkResp,Rd25_XSBNtestSite,ridge,compact,"ridge,pls",by_stage_family,smooth,2,0.21582780456718256,0.21677733365104657,0.21677733365104657,3,4.0,0.0006567287612831985,1,True,False
DarkResp/Rd25_XSBNtestSite,DarkResp,Rd25_XSBNtestSite,ridge,compact,"ridge,pls",by_stage_family,identity,1,0.21648453332846576,0.21648453332846576,0.21648453332846576,4,4.0,0.0,1,True,False
DarkResp/Rd25_XSBNtestSite,DarkResp,Rd25_XSBNtestSite,ridge,compact,"ridge,pls",by_stage_family,derivative,2,0.24712904862308893,0.24781661961304885,0.24781661961304885,7,7.5,-0.03064451529462317,1,True,False
DarkResp/Rd25_XSBNtestSite,DarkResp,Rd25_XSBNtestSite,ridge,compact,"ridge,pls",by_stage_option,baseline|detrend_poly(1),2,0.20833869083754086,0.217453340483997,0.217453340483997,1,3.5,0.008145842490924898,1,True,False
DarkResp/Rd25_XSBNtestSite,DarkResp,Rd25_XSBNtestSite,ridge,compact,"ridge,pls",by_stage_option,baseline|detrend_poly(2),1,0.21373030032834392,0.21373030032834392,0.21373030032834392,2,2.0,0.002754233000121842,1,True,False
DarkResp/Rd25_XSBNtestSite,DarkResp,Rd25_XSBNtestSite,ridge,compact,"ridge,pls",by_stage_option,"smooth|savgol_smooth(7,2)",1,0.21582780456718256,0.21582780456718256,0.21582780456718256,3,3.0,0.0006567287612831985,1,True,False
DarkResp/Rd25_XSBNtestSite,DarkResp,Rd25_XSBNtestSite,ridge,compact,"ridge,pls",by_stage_option,identity|identity,1,0.21648453332846576,0.21648453332846576,0.21648453332846576,4,4.0,0.0,1,True,False
DarkResp/Rd25_XSBNtestSite,DarkResp,Rd25_XSBNtestSite,ridge,compact,"ridge,pls",by_stage_option,"smooth|savgol_smooth(5,2)",1,0.2177268627349106,0.2177268627349106,0.2177268627349106,5,5.0,-0.0012423294064448365,1,True,False
DarkResp/Rd25_XSBNtestSite,DarkResp,Rd25_XSBNtestSite,ridge,compact,"ridge,pls",by_stage_option,"derivative|savgol_derivative(11,2,2)",2,0.24712904862308893,0.24781661961304885,0.24781661961304885,7,7.5,-0.03064451529462317,1,True,False
DarkResp/Rd25_XSBNtestSite,DarkResp,Rd25_XSBNtestSite,ridge,compact,"ridge,pls",by_head_stage_option,ridge|baseline|detrend_poly(1),2,0.20833869083754086,0.217453340483997,0.217453340483997,1,3.5,0.008145842490924898,1,True,False
DarkResp/Rd25_XSBNtestSite,DarkResp,Rd25_XSBNtestSite,ridge,compact,"ridge,pls",by_head_stage_option,ridge|baseline|detrend_poly(2),1,0.21373030032834392,0.21373030032834392,0.21373030032834392,2,2.0,0.002754233000121842,1,True,False
DarkResp/Rd25_XSBNtestSite,DarkResp,Rd25_XSBNtestSite,ridge,compact,"ridge,pls",by_head_stage_option,"ridge|smooth|savgol_smooth(7,2)",1,0.21582780456718256,0.21582780456718256,0.21582780456718256,3,3.0,0.0006567287612831985,1,True,False
DarkResp/Rd25_XSBNtestSite,DarkResp,Rd25_XSBNtestSite,ridge,compact,"ridge,pls",by_head_stage_option,ridge|identity|identity,1,0.21648453332846576,0.21648453332846576,0.21648453332846576,4,4.0,0.0,1,True,False
DarkResp/Rd25_XSBNtestSite,DarkResp,Rd25_XSBNtestSite,ridge,compact,"ridge,pls",by_head_stage_option,"ridge|smooth|savgol_smooth(5,2)",1,0.2177268627349106,0.2177268627349106,0.2177268627349106,5,5.0,-0.0012423294064448365,1,True,False
DarkResp/Rd25_XSBNtestSite,DarkResp,Rd25_XSBNtestSite,ridge,compact,"ridge,pls",by_head_stage_option,"pls|derivative|savgol_derivative(11,2,2)",2,0.24712904862308893,0.24781661961304885,0.24781661961304885,7,7.5,-0.03064451529462317,1,True,False
DarkResp/Rd25_spxy70,DarkResp,Rd25_spxy70,ridge,compact,"ridge,pls",by_operator,detrend_poly,4,0.21434653457718733,0.22335376299197665,0.22266666940644342,1,2.5,0.03362561085304183,1,True,False
DarkResp/Rd25_spxy70,DarkResp,Rd25_spxy70,ridge,compact,"ridge,pls",by_operator,savgol_smooth,1,0.24517867280278632,0.24517867280278632,0.24517867280278632,5,5.0,0.002793472627442839,1,True,False
DarkResp/Rd25_spxy70,DarkResp,Rd25_spxy70,ridge,compact,"ridge,pls",by_operator,identity,1,0.24797214543022916,0.24797214543022916,0.24797214543022916,6,6.0,0.0,1,True,False
DarkResp/Rd25_spxy70,DarkResp,Rd25_spxy70,ridge,compact,"ridge,pls",by_operator,savgol_derivative,1,0.2765571041529128,0.2765571041529128,0.2765571041529128,7,7.0,-0.02858495872268363,1,True,False
DarkResp/Rd25_spxy70,DarkResp,Rd25_spxy70,ridge,compact,"ridge,pls",by_operator,norris_williams,1,0.281485071242116,0.281485071242116,0.281485071242116,8,8.0,-0.03351292581188686,1,True,False
DarkResp/Rd25_spxy70,DarkResp,Rd25_spxy70,ridge,compact,"ridge,pls",by_stage_family,baseline,4,0.21434653457718733,0.22335376299197665,0.22266666940644342,1,2.5,0.03362561085304183,1,True,False
DarkResp/Rd25_spxy70,DarkResp,Rd25_spxy70,ridge,compact,"ridge,pls",by_stage_family,smooth,1,0.24517867280278632,0.24517867280278632,0.24517867280278632,5,5.0,0.002793472627442839,1,True,False
DarkResp/Rd25_spxy70,DarkResp,Rd25_spxy70,ridge,compact,"ridge,pls",by_stage_family,identity,1,0.24797214543022916,0.24797214543022916,0.24797214543022916,6,6.0,0.0,1,True,False
DarkResp/Rd25_spxy70,DarkResp,Rd25_spxy70,ridge,compact,"ridge,pls",by_stage_family,derivative,2,0.2765571041529128,0.27902108769751444,0.27902108769751444,7,7.5,-0.02858495872268363,1,True,False
DarkResp/Rd25_spxy70,DarkResp,Rd25_spxy70,ridge,compact,"ridge,pls",by_stage_option,baseline|detrend_poly(1),2,0.21434653457718733,0.21768567008909362,0.21768567008909362,1,1.5,0.03362561085304183,1,True,False
DarkResp/Rd25_spxy70,DarkResp,Rd25_spxy70,ridge,compact,"ridge,pls",by_stage_option,baseline|detrend_poly(2),2,0.22430853321188693,0.22902185589485968,0.22902185589485968,3,3.5,0.023663612218342234,1,True,False
DarkResp/Rd25_spxy70,DarkResp,Rd25_spxy70,ridge,compact,"ridge,pls",by_stage_option,"smooth|savgol_smooth(7,2)",1,0.24517867280278632,0.24517867280278632,0.24517867280278632,5,5.0,0.002793472627442839,1,True,False
DarkResp/Rd25_spxy70,DarkResp,Rd25_spxy70,ridge,compact,"ridge,pls",by_stage_option,identity|identity,1,0.24797214543022916,0.24797214543022916,0.24797214543022916,6,6.0,0.0,1,True,False
DarkResp/Rd25_spxy70,DarkResp,Rd25_spxy70,ridge,compact,"ridge,pls",by_stage_option,"derivative|savgol_derivative(11,2,2)",1,0.2765571041529128,0.2765571041529128,0.2765571041529128,7,7.0,-0.02858495872268363,1,True,False
DarkResp/Rd25_spxy70,DarkResp,Rd25_spxy70,ridge,compact,"ridge,pls",by_stage_option,"derivative|norris_williams(5,5,1)",1,0.281485071242116,0.281485071242116,0.281485071242116,8,8.0,-0.03351292581188686,1,True,False
DarkResp/Rd25_spxy70,DarkResp,Rd25_spxy70,ridge,compact,"ridge,pls",by_head_stage_option,ridge|baseline|detrend_poly(1),2,0.21434653457718733,0.21768567008909362,0.21768567008909362,1,1.5,0.03362561085304183,1,True,False
DarkResp/Rd25_spxy70,DarkResp,Rd25_spxy70,ridge,compact,"ridge,pls",by_head_stage_option,ridge|baseline|detrend_poly(2),2,0.22430853321188693,0.22902185589485968,0.22902185589485968,3,3.5,0.023663612218342234,1,True,False
DarkResp/Rd25_spxy70,DarkResp,Rd25_spxy70,ridge,compact,"ridge,pls",by_head_stage_option,"ridge|smooth|savgol_smooth(7,2)",1,0.24517867280278632,0.24517867280278632,0.24517867280278632,5,5.0,0.002793472627442839,1,True,False
DarkResp/Rd25_spxy70,DarkResp,Rd25_spxy70,ridge,compact,"ridge,pls",by_head_stage_option,ridge|identity|identity,1,0.24797214543022916,0.24797214543022916,0.24797214543022916,6,6.0,0.0,1,True,False
DarkResp/Rd25_spxy70,DarkResp,Rd25_spxy70,ridge,compact,"ridge,pls",by_head_stage_option,"pls|derivative|savgol_derivative(11,2,2)",1,0.2765571041529128,0.2765571041529128,0.2765571041529128,7,7.0,-0.02858495872268363,1,True,False
DarkResp/Rd25_spxy70,DarkResp,Rd25_spxy70,ridge,compact,"ridge,pls",by_head_stage_option,"pls|derivative|norris_williams(5,5,1)",1,0.281485071242116,0.281485071242116,0.281485071242116,8,8.0,-0.03351292581188686,1,True,False
ECOSIS_LeafTraits/Ccar_spxyG_block2deg,ECOSIS_LeafTraits,Ccar_spxyG_block2deg,ridge,compact,"ridge,pls",by_operator,savgol_smooth,1,100.61900518504714,100.61900518504714,100.61900518504714,1,1.0,,0,False,False
ECOSIS_LeafTraits/Ccar_spxyG_block2deg,ECOSIS_LeafTraits,Ccar_spxyG_block2deg,ridge,compact,"ridge,pls",by_operator,finite_difference,2,100.61900518504714,100.62262977317403,100.62262977317403,1,1.5,,0,False,False
ECOSIS_LeafTraits/Ccar_spxyG_block2deg,ECOSIS_LeafTraits,Ccar_spxyG_block2deg,ridge,compact,"ridge,pls",by_operator,savgol_derivative,3,100.63123434362763,100.64533211347799,100.65223289587802,3,4.666666666666667,,0,False,False
ECOSIS_LeafTraits/Ccar_spxyG_block2deg,ECOSIS_LeafTraits,Ccar_spxyG_block2deg,ridge,compact,"ridge,pls",by_operator,norris_williams,1,100.64547552700017,100.64547552700017,100.64547552700017,4,4.0,,0,False,False
ECOSIS_LeafTraits/Ccar_spxyG_block2deg,ECOSIS_LeafTraits,Ccar_spxyG_block2deg,ridge,compact,"ridge,pls",by_operator,detrend_poly,3,100.65252910092835,105.68975722806327,108.05050598954564,6,7.0,,0,False,False
ECOSIS_LeafTraits/Ccar_spxyG_block2deg,ECOSIS_LeafTraits,Ccar_spxyG_block2deg,ridge,compact,"ridge,pls",by_stage_family,smooth,1,100.61900518504714,100.61900518504714,100.61900518504714,1,1.0,,0,False,False
ECOSIS_LeafTraits/Ccar_spxyG_block2deg,ECOSIS_LeafTraits,Ccar_spxyG_block2deg,ridge,compact,"ridge,pls",by_stage_family,derivative,6,100.61900518504714,100.6377885689637,100.6383549353139,1,3.5,,0,False,False
ECOSIS_LeafTraits/Ccar_spxyG_block2deg,ECOSIS_LeafTraits,Ccar_spxyG_block2deg,ridge,compact,"ridge,pls",by_stage_family,baseline,3,100.65252910092835,105.68975722806327,108.05050598954564,6,7.0,,0,False,False
ECOSIS_LeafTraits/Ccar_spxyG_block2deg,ECOSIS_LeafTraits,Ccar_spxyG_block2deg,ridge,compact,"ridge,pls",by_stage_option,"smooth|savgol_smooth(5,2)",1,100.61900518504714,100.61900518504714,100.61900518504714,1,1.0,,0,False,False
ECOSIS_LeafTraits/Ccar_spxyG_block2deg,ECOSIS_LeafTraits,Ccar_spxyG_block2deg,ridge,compact,"ridge,pls",by_stage_option,derivative|finite_difference(1),2,100.61900518504714,100.62262977317403,100.62262977317403,1,1.5,,0,False,False
ECOSIS_LeafTraits/Ccar_spxyG_block2deg,ECOSIS_LeafTraits,Ccar_spxyG_block2deg,ridge,compact,"ridge,pls",by_stage_option,"derivative|savgol_derivative(7,2,1)",2,100.63123434362763,100.64188172227799,100.64188172227799,3,4.5,,0,False,False
ECOSIS_LeafTraits/Ccar_spxyG_block2deg,ECOSIS_LeafTraits,Ccar_spxyG_block2deg,ridge,compact,"ridge,pls",by_stage_option,"derivative|norris_williams(5,5,1)",1,100.64547552700017,100.64547552700017,100.64547552700017,4,4.0,,0,False,False
ECOSIS_LeafTraits/Ccar_spxyG_block2deg,ECOSIS_LeafTraits,Ccar_spxyG_block2deg,ridge,compact,"ridge,pls",by_stage_option,"derivative|savgol_derivative(11,2,2)",1,100.65223289587802,100.65223289587802,100.65223289587802,5,5.0,,0,False,False
ECOSIS_LeafTraits/Ccar_spxyG_block2deg,ECOSIS_LeafTraits,Ccar_spxyG_block2deg,ridge,compact,"ridge,pls",by_stage_option,baseline|detrend_poly(1),2,100.65252910092835,104.35151754523699,104.35151754523699,6,6.5,,0,False,False
ECOSIS_LeafTraits/Ccar_spxyG_block2deg,ECOSIS_LeafTraits,Ccar_spxyG_block2deg,ridge,compact,"ridge,pls",by_stage_option,baseline|detrend_poly(2),1,108.36623659371584,108.36623659371584,108.36623659371584,8,8.0,,0,False,False
ECOSIS_LeafTraits/Ccar_spxyG_block2deg,ECOSIS_LeafTraits,Ccar_spxyG_block2deg,ridge,compact,"ridge,pls",by_head_stage_option,"ridge|smooth|savgol_smooth(5,2)",1,100.61900518504714,100.61900518504714,100.61900518504714,1,1.0,,0,False,False
ECOSIS_LeafTraits/Ccar_spxyG_block2deg,ECOSIS_LeafTraits,Ccar_spxyG_block2deg,ridge,compact,"ridge,pls",by_head_stage_option,ridge|derivative|finite_difference(1),2,100.61900518504714,100.62262977317403,100.62262977317403,1,1.5,,0,False,False
ECOSIS_LeafTraits/Ccar_spxyG_block2deg,ECOSIS_LeafTraits,Ccar_spxyG_block2deg,ridge,compact,"ridge,pls",by_head_stage_option,"ridge|derivative|savgol_derivative(7,2,1)",2,100.63123434362763,100.64188172227799,100.64188172227799,3,4.5,,0,False,False
ECOSIS_LeafTraits/Ccar_spxyG_block2deg,ECOSIS_LeafTraits,Ccar_spxyG_block2deg,ridge,compact,"ridge,pls",by_head_stage_option,"ridge|derivative|norris_williams(5,5,1)",1,100.64547552700017,100.64547552700017,100.64547552700017,4,4.0,,0,False,False
ECOSIS_LeafTraits/Ccar_spxyG_block2deg,ECOSIS_LeafTraits,Ccar_spxyG_block2deg,ridge,compact,"ridge,pls",by_head_stage_option,"ridge|derivative|savgol_derivative(11,2,2)",1,100.65223289587802,100.65223289587802,100.65223289587802,5,5.0,,0,False,False
ECOSIS_LeafTraits/Ccar_spxyG_block2deg,ECOSIS_LeafTraits,Ccar_spxyG_block2deg,ridge,compact,"ridge,pls",by_head_stage_option,ridge|baseline|detrend_poly(1),1,100.65252910092835,100.65252910092835,100.65252910092835,6,6.0,,0,False,False
ECOSIS_LeafTraits/Ccar_spxyG_block2deg,ECOSIS_LeafTraits,Ccar_spxyG_block2deg,ridge,compact,"ridge,pls",by_head_stage_option,pls|baseline|detrend_poly(1),1,108.05050598954564,108.05050598954564,108.05050598954564,7,7.0,,0,False,False
ECOSIS_LeafTraits/Ccar_spxyG_block2deg,ECOSIS_LeafTraits,Ccar_spxyG_block2deg,ridge,compact,"ridge,pls",by_head_stage_option,pls|baseline|detrend_poly(2),1,108.36623659371584,108.36623659371584,108.36623659371584,8,8.0,,0,False,False
ECOSIS_LeafTraits/Chla+b_spxyG_block2deg,ECOSIS_LeafTraits,Chla+b_spxyG_block2deg,ridge,compact,"ridge,pls",by_operator,savgol_smooth,2,63.087118309002875,63.125757589058296,63.125757589058296,1,1.5,0.13016499212298527,0,False,False
ECOSIS_LeafTraits/Chla+b_spxyG_block2deg,ECOSIS_LeafTraits,Chla+b_spxyG_block2deg,ridge,compact,"ridge,pls",by_operator,identity,2,63.21728330112586,63.747660412764226,63.747660412764226,3,4.5,0.0,0,False,False
ECOSIS_LeafTraits/Chla+b_spxyG_block2deg,ECOSIS_LeafTraits,Chla+b_spxyG_block2deg,ridge,compact,"ridge,pls",by_operator,detrend_poly,4,63.93887667864837,64.86006694752007,64.90365686118315,4,6.0,-0.7215933775225096,0,False,False
ECOSIS_LeafTraits/Chla+b_spxyG_block2deg,ECOSIS_LeafTraits,Chla+b_spxyG_block2deg,ridge,compact,"ridge,pls",by_stage_family,smooth,2,63.087118309002875,63.125757589058296,63.125757589058296,1,1.5,0.13016499212298527,0,False,False
ECOSIS_LeafTraits/Chla+b_spxyG_block2deg,ECOSIS_LeafTraits,Chla+b_spxyG_block2deg,ridge,compact,"ridge,pls",by_stage_family,identity,2,63.21728330112586,63.747660412764226,63.747660412764226,3,4.5,0.0,0,False,False
ECOSIS_LeafTraits/Chla+b_spxyG_block2deg,ECOSIS_LeafTraits,Chla+b_spxyG_block2deg,ridge,compact,"ridge,pls",by_stage_family,baseline,4,63.93887667864837,64.86006694752007,64.90365686118315,4,6.0,-0.7215933775225096,0,False,False
ECOSIS_LeafTraits/Chla+b_spxyG_block2deg,ECOSIS_LeafTraits,Chla+b_spxyG_block2deg,ridge,compact,"ridge,pls",by_stage_option,"smooth|savgol_smooth(7,2)",1,63.087118309002875,63.087118309002875,63.087118309002875,1,1.0,0.13016499212298527,0,False,False
ECOSIS_LeafTraits/Chla+b_spxyG_block2deg,ECOSIS_LeafTraits,Chla+b_spxyG_block2deg,ridge,compact,"ridge,pls",by_stage_option,"smooth|savgol_smooth(5,2)",1,63.164396869113716,63.164396869113716,63.164396869113716,2,2.0,0.05288643201214427,0,False,False
ECOSIS_LeafTraits/Chla+b_spxyG_block2deg,ECOSIS_LeafTraits,Chla+b_spxyG_block2deg,ridge,compact,"ridge,pls",by_stage_option,identity|identity,2,63.21728330112586,63.747660412764226,63.747660412764226,3,4.5,0.0,0,False,False
ECOSIS_LeafTraits/Chla+b_spxyG_block2deg,ECOSIS_LeafTraits,Chla+b_spxyG_block2deg,ridge,compact,"ridge,pls",by_stage_option,baseline|detrend_poly(1),3,63.93887667864837,64.61835540434498,64.22211214532092,4,5.666666666666667,-0.7215933775225096,0,False,False
ECOSIS_LeafTraits/Chla+b_spxyG_block2deg,ECOSIS_LeafTraits,Chla+b_spxyG_block2deg,ridge,compact,"ridge,pls",by_stage_option,baseline|detrend_poly(2),1,65.58520157704537,65.58520157704537,65.58520157704537,7,7.0,-2.367918275919507,0,False,False
ECOSIS_LeafTraits/Chla+b_spxyG_block2deg,ECOSIS_LeafTraits,Chla+b_spxyG_block2deg,ridge,compact,"ridge,pls",by_head_stage_option,"ridge|smooth|savgol_smooth(7,2)",1,63.087118309002875,63.087118309002875,63.087118309002875,1,1.0,0.13016499212298527,0,False,False
ECOSIS_LeafTraits/Chla+b_spxyG_block2deg,ECOSIS_LeafTraits,Chla+b_spxyG_block2deg,ridge,compact,"ridge,pls",by_head_stage_option,"ridge|smooth|savgol_smooth(5,2)",1,63.164396869113716,63.164396869113716,63.164396869113716,2,2.0,0.05288643201214427,0,False,False
ECOSIS_LeafTraits/Chla+b_spxyG_block2deg,ECOSIS_LeafTraits,Chla+b_spxyG_block2deg,ridge,compact,"ridge,pls",by_head_stage_option,ridge|identity|identity,2,63.21728330112586,63.747660412764226,63.747660412764226,3,4.5,0.0,0,False,False
ECOSIS_LeafTraits/Chla+b_spxyG_block2deg,ECOSIS_LeafTraits,Chla+b_spxyG_block2deg,ridge,compact,"ridge,pls",by_head_stage_option,ridge|baseline|detrend_poly(1),2,63.93887667864837,64.08049441198465,64.08049441198465,4,4.5,-0.7215933775225096,0,False,False
ECOSIS_LeafTraits/Chla+b_spxyG_block2deg,ECOSIS_LeafTraits,Chla+b_spxyG_block2deg,ridge,compact,"ridge,pls",by_head_stage_option,pls|baseline|detrend_poly(2),1,65.58520157704537,65.58520157704537,65.58520157704537,7,7.0,-2.367918275919507,0,False,False
ECOSIS_LeafTraits/Chla+b_spxyG_block2deg,ECOSIS_LeafTraits,Chla+b_spxyG_block2deg,ridge,compact,"ridge,pls",by_head_stage_option,pls|baseline|detrend_poly(1),1,65.69407738906565,65.69407738906565,65.69407738906565,8,8.0,-2.476794087939794,0,False,False
ECOSIS_LeafTraits/Chla+b_spxyG_species,ECOSIS_LeafTraits,Chla+b_spxyG_species,ridge,compact,"ridge,pls",by_operator,detrend_poly,5,54.601936678338326,55.33309916206075,55.40311939258555,1,4.8,0.35892963650312026,0,False,False
ECOSIS_LeafTraits/Chla+b_spxyG_species,ECOSIS_LeafTraits,Chla+b_spxyG_species,ridge,compact,"ridge,pls",by_operator,savgol_smooth,2,54.94088948474945,54.9538861529604,54.9538861529604,3,4.0,0.019976830091998465,0,False,False
ECOSIS_LeafTraits/Chla+b_spxyG_species,ECOSIS_LeafTraits,Chla+b_spxyG_species,ridge,compact,"ridge,pls",by_operator,identity,1,54.96086631484145,54.96086631484145,54.96086631484145,4,4.0,0.0,0,False,False
ECOSIS_LeafTraits/Chla+b_spxyG_species,ECOSIS_LeafTraits,Chla+b_spxyG_species,ridge,compact,"ridge,pls",by_operator,savgol_derivative,1,55.40311939258555,55.40311939258555,55.40311939258555,6,6.0,-0.4422530777441054,0,False,False
ECOSIS_LeafTraits/Chla+b_spxyG_species,ECOSIS_LeafTraits,Chla+b_spxyG_species,ridge,compact,"ridge,pls",by_stage_family,baseline,5,54.601936678338326,55.33309916206075,55.40311939258555,1,4.8,0.35892963650312026,0,False,False
ECOSIS_LeafTraits/Chla+b_spxyG_species,ECOSIS_LeafTraits,Chla+b_spxyG_species,ridge,compact,"ridge,pls",by_stage_family,smooth,2,54.94088948474945,54.9538861529604,54.9538861529604,3,4.0,0.019976830091998465,0,False,False
ECOSIS_LeafTraits/Chla+b_spxyG_species,ECOSIS_LeafTraits,Chla+b_spxyG_species,ridge,compact,"ridge,pls",by_stage_family,identity,1,54.96086631484145,54.96086631484145,54.96086631484145,4,4.0,0.0,0,False,False
ECOSIS_LeafTraits/Chla+b_spxyG_species,ECOSIS_LeafTraits,Chla+b_spxyG_species,ridge,compact,"ridge,pls",by_stage_family,derivative,1,55.40311939258555,55.40311939258555,55.40311939258555,6,6.0,-0.4422530777441054,0,False,False
ECOSIS_LeafTraits/Chla+b_spxyG_species,ECOSIS_LeafTraits,Chla+b_spxyG_species,ridge,compact,"ridge,pls",by_stage_option,baseline|detrend_poly(1),4,54.601936678338326,55.10962659232287,55.06736684941647,1,4.0,0.35892963650312026,0,False,False
ECOSIS_LeafTraits/Chla+b_spxyG_species,ECOSIS_LeafTraits,Chla+b_spxyG_species,ridge,compact,"ridge,pls",by_stage_option,"smooth|savgol_smooth(7,2)",1,54.94088948474945,54.94088948474945,54.94088948474945,3,3.0,0.019976830091998465,0,False,False
ECOSIS_LeafTraits/Chla+b_spxyG_species,ECOSIS_LeafTraits,Chla+b_spxyG_species,ridge,compact,"ridge,pls",by_stage_option,identity|identity,1,54.96086631484145,54.96086631484145,54.96086631484145,4,4.0,0.0,0,False,False
ECOSIS_LeafTraits/Chla+b_spxyG_species,ECOSIS_LeafTraits,Chla+b_spxyG_species,ridge,compact,"ridge,pls",by_stage_option,"smooth|savgol_smooth(5,2)",1,54.96688282117135,54.96688282117135,54.96688282117135,5,5.0,-0.00601650632990669,0,False,False
ECOSIS_LeafTraits/Chla+b_spxyG_species,ECOSIS_LeafTraits,Chla+b_spxyG_species,ridge,compact,"ridge,pls",by_stage_option,"derivative|savgol_derivative(7,2,1)",1,55.40311939258555,55.40311939258555,55.40311939258555,6,6.0,-0.4422530777441054,0,False,False
ECOSIS_LeafTraits/Chla+b_spxyG_species,ECOSIS_LeafTraits,Chla+b_spxyG_species,ridge,compact,"ridge,pls",by_stage_option,baseline|detrend_poly(2),1,56.22698944101228,56.22698944101228,56.22698944101228,8,8.0,-1.2661231261708323,0,False,False
ECOSIS_LeafTraits/Chla+b_spxyG_species,ECOSIS_LeafTraits,Chla+b_spxyG_species,ridge,compact,"ridge,pls",by_head_stage_option,ridge|baseline|detrend_poly(1),3,54.601936678338326,54.91222345905709,54.73161430624739,1,3.0,0.35892963650312026,0,False,False
ECOSIS_LeafTraits/Chla+b_spxyG_species,ECOSIS_LeafTraits,Chla+b_spxyG_species,ridge,compact,"ridge,pls",by_head_stage_option,"ridge|smooth|savgol_smooth(7,2)",1,54.94088948474945,54.94088948474945,54.94088948474945,3,3.0,0.019976830091998465,0,False,False
ECOSIS_LeafTraits/Chla+b_spxyG_species,ECOSIS_LeafTraits,Chla+b_spxyG_species,ridge,compact,"ridge,pls",by_head_stage_option,ridge|identity|identity,1,54.96086631484145,54.96086631484145,54.96086631484145,4,4.0,0.0,0,False,False
ECOSIS_LeafTraits/Chla+b_spxyG_species,ECOSIS_LeafTraits,Chla+b_spxyG_species,ridge,compact,"ridge,pls",by_head_stage_option,"ridge|smooth|savgol_smooth(5,2)",1,54.96688282117135,54.96688282117135,54.96688282117135,5,5.0,-0.00601650632990669,0,False,False
ECOSIS_LeafTraits/Chla+b_spxyG_species,ECOSIS_LeafTraits,Chla+b_spxyG_species,ridge,compact,"ridge,pls",by_head_stage_option,"ridge|derivative|savgol_derivative(7,2,1)",1,55.40311939258555,55.40311939258555,55.40311939258555,6,6.0,-0.4422530777441054,0,False,False
ECOSIS_LeafTraits/Chla+b_spxyG_species,ECOSIS_LeafTraits,Chla+b_spxyG_species,ridge,compact,"ridge,pls",by_head_stage_option,pls|baseline|detrend_poly(1),1,55.70183599212021,55.70183599212021,55.70183599212021,7,7.0,-0.7409696772787626,0,False,False
ECOSIS_LeafTraits/Chla+b_spxyG_species,ECOSIS_LeafTraits,Chla+b_spxyG_species,ridge,compact,"ridge,pls",by_head_stage_option,pls|baseline|detrend_poly(2),1,56.22698944101228,56.22698944101228,56.22698944101228,8,8.0,-1.2661231261708323,0,False,False
FUSARIUM/Fv_Fm_grp70_30,FUSARIUM,Fv_Fm_grp70_30,ridge,compact,"ridge,pls",by_operator,norris_williams,3,0.03899263060841904,0.03918854366850572,0.03927512014724979,1,4.0,,0,False,False
FUSARIUM/Fv_Fm_grp70_30,FUSARIUM,Fv_Fm_grp70_30,ridge,compact,"ridge,pls",by_operator,savgol_derivative,2,0.0391792578288227,0.03922328476821041,0.03922328476821041,2,3.0,,0,False,False
FUSARIUM/Fv_Fm_grp70_30,FUSARIUM,Fv_Fm_grp70_30,ridge,compact,"ridge,pls",by_operator,finite_difference,1,0.03926455161543252,0.03926455161543252,0.03926455161543252,3,3.0,,0,False,False
FUSARIUM/Fv_Fm_grp70_30,FUSARIUM,Fv_Fm_grp70_30,ridge,compact,"ridge,pls",by_operator,savgol_smooth,1,0.03926455161543252,0.03926455161543252,0.03926455161543252,3,3.0,,0,False,False
FUSARIUM/Fv_Fm_grp70_30,FUSARIUM,Fv_Fm_grp70_30,ridge,compact,"ridge,pls",by_operator,detrend_poly,1,0.039297880249848344,0.039297880249848344,0.039297880249848344,6,6.0,,0,False,False
FUSARIUM/Fv_Fm_grp70_30,FUSARIUM,Fv_Fm_grp70_30,ridge,compact,"ridge,pls",by_stage_family,derivative,6,0.03899263060841904,0.03921279202622842,0.03926593166151532,1,3.5,,0,False,False
FUSARIUM/Fv_Fm_grp70_30,FUSARIUM,Fv_Fm_grp70_30,ridge,compact,"ridge,pls",by_stage_family,smooth,1,0.03926455161543252,0.03926455161543252,0.03926455161543252,3,3.0,,0,False,False
FUSARIUM/Fv_Fm_grp70_30,FUSARIUM,Fv_Fm_grp70_30,ridge,compact,"ridge,pls",by_stage_family,baseline,1,0.039297880249848344,0.039297880249848344,0.039297880249848344,6,6.0,,0,False,False
FUSARIUM/Fv_Fm_grp70_30,FUSARIUM,Fv_Fm_grp70_30,ridge,compact,"ridge,pls",by_stage_option,"derivative|norris_williams(5,5,1)",3,0.03899263060841904,0.03918854366850572,0.03927512014724979,1,4.0,,0,False,False
FUSARIUM/Fv_Fm_grp70_30,FUSARIUM,Fv_Fm_grp70_30,ridge,compact,"ridge,pls",by_stage_option,"derivative|savgol_derivative(7,2,1)",2,0.0391792578288227,0.03922328476821041,0.03922328476821041,2,3.0,,0,False,False
FUSARIUM/Fv_Fm_grp70_30,FUSARIUM,Fv_Fm_grp70_30,ridge,compact,"ridge,pls",by_stage_option,derivative|finite_difference(1),1,0.03926455161543252,0.03926455161543252,0.03926455161543252,3,3.0,,0,False,False
FUSARIUM/Fv_Fm_grp70_30,FUSARIUM,Fv_Fm_grp70_30,ridge,compact,"ridge,pls",by_stage_option,"smooth|savgol_smooth(5,2)",1,0.03926455161543252,0.03926455161543252,0.03926455161543252,3,3.0,,0,False,False
FUSARIUM/Fv_Fm_grp70_30,FUSARIUM,Fv_Fm_grp70_30,ridge,compact,"ridge,pls",by_stage_option,baseline|detrend_poly(1),1,0.039297880249848344,0.039297880249848344,0.039297880249848344,6,6.0,,0,False,False
FUSARIUM/Fv_Fm_grp70_30,FUSARIUM,Fv_Fm_grp70_30,ridge,compact,"ridge,pls",by_head_stage_option,"ridge|derivative|norris_williams(5,5,1)",2,0.03899263060841904,0.03914525542913369,0.03914525542913369,1,3.5,,0,False,False
FUSARIUM/Fv_Fm_grp70_30,FUSARIUM,Fv_Fm_grp70_30,ridge,compact,"ridge,pls",by_head_stage_option,"pls|derivative|savgol_derivative(7,2,1)",1,0.0391792578288227,0.0391792578288227,0.0391792578288227,2,2.0,,0,False,False
FUSARIUM/Fv_Fm_grp70_30,FUSARIUM,Fv_Fm_grp70_30,ridge,compact,"ridge,pls",by_head_stage_option,pls|derivative|finite_difference(1),1,0.03926455161543252,0.03926455161543252,0.03926455161543252,3,3.0,,0,False,False
FUSARIUM/Fv_Fm_grp70_30,FUSARIUM,Fv_Fm_grp70_30,ridge,compact,"ridge,pls",by_head_stage_option,"pls|smooth|savgol_smooth(5,2)",1,0.03926455161543252,0.03926455161543252,0.03926455161543252,3,3.0,,0,False,False
FUSARIUM/Fv_Fm_grp70_30,FUSARIUM,Fv_Fm_grp70_30,ridge,compact,"ridge,pls",by_head_stage_option,"ridge|derivative|savgol_derivative(7,2,1)",1,0.039267311707598125,0.039267311707598125,0.039267311707598125,4,4.0,,0,False,False
FUSARIUM/Fv_Fm_grp70_30,FUSARIUM,Fv_Fm_grp70_30,ridge,compact,"ridge,pls",by_head_stage_option,"pls|derivative|norris_williams(5,5,1)",1,0.03927512014724979,0.03927512014724979,0.03927512014724979,5,5.0,,0,False,False
FUSARIUM/Fv_Fm_grp70_30,FUSARIUM,Fv_Fm_grp70_30,ridge,compact,"ridge,pls",by_head_stage_option,ridge|baseline|detrend_poly(1),1,0.039297880249848344,0.039297880249848344,0.039297880249848344,6,6.0,,0,False,False
GRAPEVINES/grapevine_chloride_556_KS,GRAPEVINES,grapevine_chloride_556_KS,ridge,compact,"ridge,pls",by_operator,detrend_poly,2,1068.1737572933603,1089.0456432679478,1089.0456432679478,1,2.5,,0,False,False
GRAPEVINES/grapevine_chloride_556_KS,GRAPEVINES,grapevine_chloride_556_KS,ridge,compact,"ridge,pls",by_operator,norris_williams,4,1068.1737572933603,1089.171014084332,1089.2378395706442,1,3.0,,0,False,False
GRAPEVINES/grapevine_chloride_556_KS,GRAPEVINES,grapevine_chloride_556_KS,ridge,compact,"ridge,pls",by_operator,savgol_smooth,3,1088.552226450229,1202.5487221293497,1122.7868061192157,3,5.666666666666667,,0,False,False
GRAPEVINES/grapevine_chloride_556_KS,GRAPEVINES,grapevine_chloride_556_KS,ridge,compact,"ridge,pls",by_operator,finite_difference,2,1393.6775182621002,1394.9923260403523,1394.9923260403523,7,7.5,,0,False,False
GRAPEVINES/grapevine_chloride_556_KS,GRAPEVINES,grapevine_chloride_556_KS,ridge,compact,"ridge,pls",by_stage_family,baseline,2,1068.1737572933603,1089.0456432679478,1089.0456432679478,1,2.5,,0,False,False
GRAPEVINES/grapevine_chloride_556_KS,GRAPEVINES,grapevine_chloride_556_KS,ridge,compact,"ridge,pls",by_stage_family,derivative,6,1068.1737572933603,1191.1114514030055,1109.976074572607,1,4.5,,0,False,False
GRAPEVINES/grapevine_chloride_556_KS,GRAPEVINES,grapevine_chloride_556_KS,ridge,compact,"ridge,pls",by_stage_family,smooth,3,1088.552226450229,1202.5487221293497,1122.7868061192157,3,5.666666666666667,,0,False,False
GRAPEVINES/grapevine_chloride_556_KS,GRAPEVINES,grapevine_chloride_556_KS,ridge,compact,"ridge,pls",by_stage_option,baseline|detrend_poly(1),2,1068.1737572933603,1089.0456432679478,1089.0456432679478,1,2.5,,0,False,False
GRAPEVINES/grapevine_chloride_556_KS,GRAPEVINES,grapevine_chloride_556_KS,ridge,compact,"ridge,pls",by_stage_option,"derivative|norris_williams(5,5,1)",4,1068.1737572933603,1089.171014084332,1089.2378395706442,1,3.0,,0,False,False
GRAPEVINES/grapevine_chloride_556_KS,GRAPEVINES,grapevine_chloride_556_KS,ridge,compact,"ridge,pls",by_stage_option,"smooth|savgol_smooth(7,2)",1,1088.552226450229,1088.552226450229,1088.552226450229,3,3.0,,0,False,False
GRAPEVINES/grapevine_chloride_556_KS,GRAPEVINES,grapevine_chloride_556_KS,ridge,compact,"ridge,pls",by_stage_option,"smooth|savgol_smooth(5,2)",2,1122.7868061192157,1259.5469699689102,1259.5469699689102,6,7.0,,0,False,False
GRAPEVINES/grapevine_chloride_556_KS,GRAPEVINES,grapevine_chloride_556_KS,ridge,compact,"ridge,pls",by_stage_option,derivative|finite_difference(1),2,1393.6775182621002,1394.9923260403523,1394.9923260403523,7,7.5,,0,False,False
GRAPEVINES/grapevine_chloride_556_KS,GRAPEVINES,grapevine_chloride_556_KS,ridge,compact,"ridge,pls",by_head_stage_option,ridge|baseline|detrend_poly(1),2,1068.1737572933603,1089.0456432679478,1089.0456432679478,1,2.5,,0,False,False
GRAPEVINES/grapevine_chloride_556_KS,GRAPEVINES,grapevine_chloride_556_KS,ridge,compact,"ridge,pls",by_head_stage_option,"ridge|derivative|norris_williams(5,5,1)",4,1068.1737572933603,1089.171014084332,1089.2378395706442,1,3.0,,0,False,False
GRAPEVINES/grapevine_chloride_556_KS,GRAPEVINES,grapevine_chloride_556_KS,ridge,compact,"ridge,pls",by_head_stage_option,"ridge|smooth|savgol_smooth(7,2)",1,1088.552226450229,1088.552226450229,1088.552226450229,3,3.0,,0,False,False
GRAPEVINES/grapevine_chloride_556_KS,GRAPEVINES,grapevine_chloride_556_KS,ridge,compact,"ridge,pls",by_head_stage_option,"ridge|smooth|savgol_smooth(5,2)",1,1122.7868061192157,1122.7868061192157,1122.7868061192157,6,6.0,,0,False,False
GRAPEVINES/grapevine_chloride_556_KS,GRAPEVINES,grapevine_chloride_556_KS,ridge,compact,"ridge,pls",by_head_stage_option,pls|derivative|finite_difference(1),2,1393.6775182621002,1394.9923260403523,1394.9923260403523,7,7.5,,0,False,False
GRAPEVINES/grapevine_chloride_556_KS,GRAPEVINES,grapevine_chloride_556_KS,ridge,compact,"ridge,pls",by_head_stage_option,"pls|smooth|savgol_smooth(5,2)",1,1396.3071338186044,1396.3071338186044,1396.3071338186044,8,8.0,,0,False,False
GRAPEVINE_LeafTraits/An_spxyG70_30_byCultivar_ASD,GRAPEVINE_LeafTraits,An_spxyG70_30_byCultivar_ASD,ridge,compact,"ridge,pls",by_operator,identity,1,3.0798993336328477,3.0798993336328477,3.0798993336328477,1,1.0,0.0,1,True,False
GRAPEVINE_LeafTraits/An_spxyG70_30_byCultivar_ASD,GRAPEVINE_LeafTraits,An_spxyG70_30_byCultivar_ASD,ridge,compact,"ridge,pls",by_operator,savgol_smooth,2,3.0799123518850045,3.0799209137885315,3.0799209137885315,2,2.5,-1.3018252156715704e-05,1,True,False
GRAPEVINE_LeafTraits/An_spxyG70_30_byCultivar_ASD,GRAPEVINE_LeafTraits,An_spxyG70_30_byCultivar_ASD,ridge,compact,"ridge,pls",by_operator,savgol_derivative,2,3.112340858612039,3.1146346532928773,3.1146346532928773,4,5.0,-0.03244152497919117,1,True,False
GRAPEVINE_LeafTraits/An_spxyG70_30_byCultivar_ASD,GRAPEVINE_LeafTraits,An_spxyG70_30_byCultivar_ASD,ridge,compact,"ridge,pls",by_operator,norris_williams,1,3.1141921269294666,3.1141921269294666,3.1141921269294666,5,5.0,-0.03429279329661883,1,True,False
GRAPEVINE_LeafTraits/An_spxyG70_30_byCultivar_ASD,GRAPEVINE_LeafTraits,An_spxyG70_30_byCultivar_ASD,ridge,compact,"ridge,pls",by_operator,detrend_poly,2,3.1141921269294666,3.115560287451591,3.115560287451591,5,5.5,-0.03429279329661883,1,True,False
GRAPEVINE_LeafTraits/An_spxyG70_30_byCultivar_ASD,GRAPEVINE_LeafTraits,An_spxyG70_30_byCultivar_ASD,ridge,compact,"ridge,pls",by_stage_family,identity,1,3.0798993336328477,3.0798993336328477,3.0798993336328477,1,1.0,0.0,1,True,False
GRAPEVINE_LeafTraits/An_spxyG70_30_byCultivar_ASD,GRAPEVINE_LeafTraits,An_spxyG70_30_byCultivar_ASD,ridge,compact,"ridge,pls",by_stage_family,smooth,2,3.0799123518850045,3.0799209137885315,3.0799209137885315,2,2.5,-1.3018252156715704e-05,1,True,False
GRAPEVINE_LeafTraits/An_spxyG70_30_byCultivar_ASD,GRAPEVINE_LeafTraits,An_spxyG70_30_byCultivar_ASD,ridge,compact,"ridge,pls",by_stage_family,derivative,3,3.112340858612039,3.1144871445050732,3.1141921269294666,4,5.0,-0.03244152497919117,1,True,False
GRAPEVINE_LeafTraits/An_spxyG70_30_byCultivar_ASD,GRAPEVINE_LeafTraits,An_spxyG70_30_byCultivar_ASD,ridge,compact,"ridge,pls",by_stage_family,baseline,2,3.1141921269294666,3.115560287451591,3.115560287451591,5,5.5,-0.03429279329661883,1,True,False
GRAPEVINE_LeafTraits/An_spxyG70_30_byCultivar_ASD,GRAPEVINE_LeafTraits,An_spxyG70_30_byCultivar_ASD,ridge,compact,"ridge,pls",by_stage_option,identity|identity,1,3.0798993336328477,3.0798993336328477,3.0798993336328477,1,1.0,0.0,1,True,False
GRAPEVINE_LeafTraits/An_spxyG70_30_byCultivar_ASD,GRAPEVINE_LeafTraits,An_spxyG70_30_byCultivar_ASD,ridge,compact,"ridge,pls",by_stage_option,"smooth|savgol_smooth(5,2)",1,3.0799123518850045,3.0799123518850045,3.0799123518850045,2,2.0,-1.3018252156715704e-05,1,True,False
GRAPEVINE_LeafTraits/An_spxyG70_30_byCultivar_ASD,GRAPEVINE_LeafTraits,An_spxyG70_30_byCultivar_ASD,ridge,compact,"ridge,pls",by_stage_option,"smooth|savgol_smooth(7,2)",1,3.079929475692058,3.079929475692058,3.079929475692058,3,3.0,-3.014205921036961e-05,1,True,False
GRAPEVINE_LeafTraits/An_spxyG70_30_byCultivar_ASD,GRAPEVINE_LeafTraits,An_spxyG70_30_byCultivar_ASD,ridge,compact,"ridge,pls",by_stage_option,"derivative|savgol_derivative(11,2,2)",1,3.112340858612039,3.112340858612039,3.112340858612039,4,4.0,-0.03244152497919117,1,True,False
GRAPEVINE_LeafTraits/An_spxyG70_30_byCultivar_ASD,GRAPEVINE_LeafTraits,An_spxyG70_30_byCultivar_ASD,ridge,compact,"ridge,pls",by_stage_option,"derivative|norris_williams(5,5,1)",1,3.1141921269294666,3.1141921269294666,3.1141921269294666,5,5.0,-0.03429279329661883,1,True,False
GRAPEVINE_LeafTraits/An_spxyG70_30_byCultivar_ASD,GRAPEVINE_LeafTraits,An_spxyG70_30_byCultivar_ASD,ridge,compact,"ridge,pls",by_stage_option,baseline|detrend_poly(1),2,3.1141921269294666,3.115560287451591,3.115560287451591,5,5.5,-0.03429279329661883,1,True,False
GRAPEVINE_LeafTraits/An_spxyG70_30_byCultivar_ASD,GRAPEVINE_LeafTraits,An_spxyG70_30_byCultivar_ASD,ridge,compact,"ridge,pls",by_stage_option,"derivative|savgol_derivative(7,2,1)",1,3.116928447973715,3.116928447973715,3.116928447973715,6,6.0,-0.03702911434086742,1,True,False
GRAPEVINE_LeafTraits/An_spxyG70_30_byCultivar_ASD,GRAPEVINE_LeafTraits,An_spxyG70_30_byCultivar_ASD,ridge,compact,"ridge,pls",by_head_stage_option,ridge|identity|identity,1,3.0798993336328477,3.0798993336328477,3.0798993336328477,1,1.0,0.0,1,True,False
GRAPEVINE_LeafTraits/An_spxyG70_30_byCultivar_ASD,GRAPEVINE_LeafTraits,An_spxyG70_30_byCultivar_ASD,ridge,compact,"ridge,pls",by_head_stage_option,"ridge|smooth|savgol_smooth(5,2)",1,3.0799123518850045,3.0799123518850045,3.0799123518850045,2,2.0,-1.3018252156715704e-05,1,True,False
GRAPEVINE_LeafTraits/An_spxyG70_30_byCultivar_ASD,GRAPEVINE_LeafTraits,An_spxyG70_30_byCultivar_ASD,ridge,compact,"ridge,pls",by_head_stage_option,"ridge|smooth|savgol_smooth(7,2)",1,3.079929475692058,3.079929475692058,3.079929475692058,3,3.0,-3.014205921036961e-05,1,True,False
GRAPEVINE_LeafTraits/An_spxyG70_30_byCultivar_ASD,GRAPEVINE_LeafTraits,An_spxyG70_30_byCultivar_ASD,ridge,compact,"ridge,pls",by_head_stage_option,"pls|derivative|savgol_derivative(11,2,2)",1,3.112340858612039,3.112340858612039,3.112340858612039,4,4.0,-0.03244152497919117,1,True,False
GRAPEVINE_LeafTraits/An_spxyG70_30_byCultivar_ASD,GRAPEVINE_LeafTraits,An_spxyG70_30_byCultivar_ASD,ridge,compact,"ridge,pls",by_head_stage_option,"pls|derivative|norris_williams(5,5,1)",1,3.1141921269294666,3.1141921269294666,3.1141921269294666,5,5.0,-0.03429279329661883,1,True,False
GRAPEVINE_LeafTraits/An_spxyG70_30_byCultivar_ASD,GRAPEVINE_LeafTraits,An_spxyG70_30_byCultivar_ASD,ridge,compact,"ridge,pls",by_head_stage_option,pls|baseline|detrend_poly(1),2,3.1141921269294666,3.115560287451591,3.115560287451591,5,5.5,-0.03429279329661883,1,True,False
GRAPEVINE_LeafTraits/An_spxyG70_30_byCultivar_ASD,GRAPEVINE_LeafTraits,An_spxyG70_30_byCultivar_ASD,ridge,compact,"ridge,pls",by_head_stage_option,"pls|derivative|savgol_derivative(7,2,1)",1,3.116928447973715,3.116928447973715,3.116928447973715,6,6.0,-0.03702911434086742,1,True,False
GRAPEVINE_LeafTraits/An_spxyG70_30_byCultivar_MicroNIR,GRAPEVINE_LeafTraits,An_spxyG70_30_byCultivar_MicroNIR,ridge,compact,"ridge,pls",by_operator,detrend_poly,3,3.6327043889036603,3.657660961675461,3.654451489678757,1,3.0,,1,True,False
GRAPEVINE_LeafTraits/An_spxyG70_30_byCultivar_MicroNIR,GRAPEVINE_LeafTraits,An_spxyG70_30_byCultivar_MicroNIR,ridge,compact,"ridge,pls",by_operator,norris_williams,2,3.665828172332252,3.675827589388109,3.675827589388109,3,4.5,,1,True,False
GRAPEVINE_LeafTraits/An_spxyG70_30_byCultivar_MicroNIR,GRAPEVINE_LeafTraits,An_spxyG70_30_byCultivar_MicroNIR,ridge,compact,"ridge,pls",by_operator,savgol_smooth,3,3.678675132868706,3.735067593959465,3.682366920541728,4,5.666666666666667,,1,True,False
GRAPEVINE_LeafTraits/An_spxyG70_30_byCultivar_MicroNIR,GRAPEVINE_LeafTraits,An_spxyG70_30_byCultivar_MicroNIR,ridge,compact,"ridge,pls",by_operator,finite_difference,2,3.8437968233410107,3.843978775904486,3.843978775904486,7,7.5,,1,True,False
GRAPEVINE_LeafTraits/An_spxyG70_30_byCultivar_MicroNIR,GRAPEVINE_LeafTraits,An_spxyG70_30_byCultivar_MicroNIR,ridge,compact,"ridge,pls",by_stage_family,baseline,3,3.6327043889036603,3.657660961675461,3.654451489678757,1,3.0,,1,True,False
GRAPEVINE_LeafTraits/An_spxyG70_30_byCultivar_MicroNIR,GRAPEVINE_LeafTraits,An_spxyG70_30_byCultivar_MicroNIR,ridge,compact,"ridge,pls",by_stage_family,derivative,4,3.665828172332252,3.7599031826462976,3.7648119148924883,3,6.0,,1,True,False
GRAPEVINE_LeafTraits/An_spxyG70_30_byCultivar_MicroNIR,GRAPEVINE_LeafTraits,An_spxyG70_30_byCultivar_MicroNIR,ridge,compact,"ridge,pls",by_stage_family,smooth,3,3.678675132868706,3.735067593959465,3.682366920541728,4,5.666666666666667,,1,True,False
GRAPEVINE_LeafTraits/An_spxyG70_30_byCultivar_MicroNIR,GRAPEVINE_LeafTraits,An_spxyG70_30_byCultivar_MicroNIR,ridge,compact,"ridge,pls",by_stage_option,baseline|detrend_poly(1),2,3.6327043889036603,3.6592656976738134,3.6592656976738134,1,3.5,,1,True,False
GRAPEVINE_LeafTraits/An_spxyG70_30_byCultivar_MicroNIR,GRAPEVINE_LeafTraits,An_spxyG70_30_byCultivar_MicroNIR,ridge,compact,"ridge,pls",by_stage_option,baseline|detrend_poly(2),1,3.654451489678757,3.654451489678757,3.654451489678757,2,2.0,,1,True,False
GRAPEVINE_LeafTraits/An_spxyG70_30_byCultivar_MicroNIR,GRAPEVINE_LeafTraits,An_spxyG70_30_byCultivar_MicroNIR,ridge,compact,"ridge,pls",by_stage_option,"derivative|norris_williams(5,5,1)",2,3.665828172332252,3.675827589388109,3.675827589388109,3,4.5,,1,True,False
GRAPEVINE_LeafTraits/An_spxyG70_30_byCultivar_MicroNIR,GRAPEVINE_LeafTraits,An_spxyG70_30_byCultivar_MicroNIR,ridge,compact,"ridge,pls",by_stage_option,"smooth|savgol_smooth(7,2)",1,3.678675132868706,3.678675132868706,3.678675132868706,4,4.0,,1,True,False
GRAPEVINE_LeafTraits/An_spxyG70_30_byCultivar_MicroNIR,GRAPEVINE_LeafTraits,An_spxyG70_30_byCultivar_MicroNIR,ridge,compact,"ridge,pls",by_stage_option,"smooth|savgol_smooth(5,2)",2,3.682366920541728,3.7632638245048446,3.7632638245048446,5,6.5,,1,True,False
GRAPEVINE_LeafTraits/An_spxyG70_30_byCultivar_MicroNIR,GRAPEVINE_LeafTraits,An_spxyG70_30_byCultivar_MicroNIR,ridge,compact,"ridge,pls",by_stage_option,derivative|finite_difference(1),2,3.8437968233410107,3.843978775904486,3.843978775904486,7,7.5,,1,True,False
GRAPEVINE_LeafTraits/An_spxyG70_30_byCultivar_MicroNIR,GRAPEVINE_LeafTraits,An_spxyG70_30_byCultivar_MicroNIR,ridge,compact,"ridge,pls",by_head_stage_option,ridge|baseline|detrend_poly(1),2,3.6327043889036603,3.6592656976738134,3.6592656976738134,1,3.5,,1,True,False
GRAPEVINE_LeafTraits/An_spxyG70_30_byCultivar_MicroNIR,GRAPEVINE_LeafTraits,An_spxyG70_30_byCultivar_MicroNIR,ridge,compact,"ridge,pls",by_head_stage_option,ridge|baseline|detrend_poly(2),1,3.654451489678757,3.654451489678757,3.654451489678757,2,2.0,,1,True,False
GRAPEVINE_LeafTraits/An_spxyG70_30_byCultivar_MicroNIR,GRAPEVINE_LeafTraits,An_spxyG70_30_byCultivar_MicroNIR,ridge,compact,"ridge,pls",by_head_stage_option,"ridge|derivative|norris_williams(5,5,1)",2,3.665828172332252,3.675827589388109,3.675827589388109,3,4.5,,1,True,False
GRAPEVINE_LeafTraits/An_spxyG70_30_byCultivar_MicroNIR,GRAPEVINE_LeafTraits,An_spxyG70_30_byCultivar_MicroNIR,ridge,compact,"ridge,pls",by_head_stage_option,"ridge|smooth|savgol_smooth(7,2)",1,3.678675132868706,3.678675132868706,3.678675132868706,4,4.0,,1,True,False
GRAPEVINE_LeafTraits/An_spxyG70_30_byCultivar_MicroNIR,GRAPEVINE_LeafTraits,An_spxyG70_30_byCultivar_MicroNIR,ridge,compact,"ridge,pls",by_head_stage_option,"ridge|smooth|savgol_smooth(5,2)",1,3.682366920541728,3.682366920541728,3.682366920541728,5,5.0,,1,True,False
GRAPEVINE_LeafTraits/An_spxyG70_30_byCultivar_MicroNIR,GRAPEVINE_LeafTraits,An_spxyG70_30_byCultivar_MicroNIR,ridge,compact,"ridge,pls",by_head_stage_option,pls|derivative|finite_difference(1),2,3.8437968233410107,3.843978775904486,3.843978775904486,7,7.5,,1,True,False
GRAPEVINE_LeafTraits/An_spxyG70_30_byCultivar_MicroNIR,GRAPEVINE_LeafTraits,An_spxyG70_30_byCultivar_MicroNIR,ridge,compact,"ridge,pls",by_head_stage_option,"pls|smooth|savgol_smooth(5,2)",1,3.844160728467961,3.844160728467961,3.844160728467961,8,8.0,,1,True,False
GRAPEVINE_LeafTraits/An_spxyG70_30_byCultivar_MicroNIR_NeoSpectra,GRAPEVINE_LeafTraits,An_spxyG70_30_byCultivar_MicroNIR_NeoSpectra,ridge,compact,"ridge,pls",by_operator,savgol_derivative,3,3.272322345156544,3.520799587697812,3.419139885522464,1,4.333333333333333,,1,True,False
GRAPEVINE_LeafTraits/An_spxyG70_30_byCultivar_MicroNIR_NeoSpectra,GRAPEVINE_LeafTraits,An_spxyG70_30_byCultivar_MicroNIR_NeoSpectra,ridge,compact,"ridge,pls",by_operator,norris_williams,2,3.3518318147271606,3.4078291373001273,3.4078291373001273,2,4.0,,1,True,False
GRAPEVINE_LeafTraits/An_spxyG70_30_byCultivar_MicroNIR_NeoSpectra,GRAPEVINE_LeafTraits,An_spxyG70_30_byCultivar_MicroNIR_NeoSpectra,ridge,compact,"ridge,pls",by_operator,detrend_poly,5,3.3518318147271606,3.483966940257653,3.419139885522464,2,4.2,,1,True,False
GRAPEVINE_LeafTraits/An_spxyG70_30_byCultivar_MicroNIR_NeoSpectra,GRAPEVINE_LeafTraits,An_spxyG70_30_byCultivar_MicroNIR_NeoSpectra,ridge,compact,"ridge,pls",by_stage_family,derivative,5,3.272322345156544,3.475611407538738,3.419139885522464,1,4.2,,1,True,False
GRAPEVINE_LeafTraits/An_spxyG70_30_byCultivar_MicroNIR_NeoSpectra,GRAPEVINE_LeafTraits,An_spxyG70_30_byCultivar_MicroNIR_NeoSpectra,ridge,compact,"ridge,pls",by_stage_family,baseline,5,3.3518318147271606,3.483966940257653,3.419139885522464,2,4.2,,1,True,False
GRAPEVINE_LeafTraits/An_spxyG70_30_byCultivar_MicroNIR_NeoSpectra,GRAPEVINE_LeafTraits,An_spxyG70_30_byCultivar_MicroNIR_NeoSpectra,ridge,compact,"ridge,pls",by_stage_option,"derivative|savgol_derivative(11,2,2)",2,3.272322345156544,3.571629438785486,3.571629438785486,1,4.5,,1,True,False
GRAPEVINE_LeafTraits/An_spxyG70_30_byCultivar_MicroNIR_NeoSpectra,GRAPEVINE_LeafTraits,An_spxyG70_30_byCultivar_MicroNIR_NeoSpectra,ridge,compact,"ridge,pls",by_stage_option,baseline|detrend_poly(1),4,3.3518318147271606,3.387281757644625,3.3857916229585645,2,3.5,,1,True,False
GRAPEVINE_LeafTraits/An_spxyG70_30_byCultivar_MicroNIR_NeoSpectra,GRAPEVINE_LeafTraits,An_spxyG70_30_byCultivar_MicroNIR_NeoSpectra,ridge,compact,"ridge,pls",by_stage_option,"derivative|norris_williams(5,5,1)",2,3.3518318147271606,3.4078291373001273,3.4078291373001273,2,4.0,,1,True,False
GRAPEVINE_LeafTraits/An_spxyG70_30_byCultivar_MicroNIR_NeoSpectra,GRAPEVINE_LeafTraits,An_spxyG70_30_byCultivar_MicroNIR_NeoSpectra,ridge,compact,"ridge,pls",by_stage_option,"derivative|savgol_derivative(7,2,1)",1,3.419139885522464,3.419139885522464,3.419139885522464,4,4.0,,1,True,False
GRAPEVINE_LeafTraits/An_spxyG70_30_byCultivar_MicroNIR_NeoSpectra,GRAPEVINE_LeafTraits,An_spxyG70_30_byCultivar_MicroNIR_NeoSpectra,ridge,compact,"ridge,pls",by_stage_option,baseline|detrend_poly(2),1,3.8707076707097667,3.8707076707097667,3.8707076707097667,7,7.0,,1,True,False
GRAPEVINE_LeafTraits/An_spxyG70_30_byCultivar_MicroNIR_NeoSpectra,GRAPEVINE_LeafTraits,An_spxyG70_30_byCultivar_MicroNIR_NeoSpectra,ridge,compact,"ridge,pls",by_head_stage_option,"ridge|derivative|savgol_derivative(11,2,2)",1,3.272322345156544,3.272322345156544,3.272322345156544,1,1.0,,1,True,False
GRAPEVINE_LeafTraits/An_spxyG70_30_byCultivar_MicroNIR_NeoSpectra,GRAPEVINE_LeafTraits,An_spxyG70_30_byCultivar_MicroNIR_NeoSpectra,ridge,compact,"ridge,pls",by_head_stage_option,ridge|baseline|detrend_poly(1),4,3.3518318147271606,3.387281757644625,3.3857916229585645,2,3.5,,1,True,False
GRAPEVINE_LeafTraits/An_spxyG70_30_byCultivar_MicroNIR_NeoSpectra,GRAPEVINE_LeafTraits,An_spxyG70_30_byCultivar_MicroNIR_NeoSpectra,ridge,compact,"ridge,pls",by_head_stage_option,"ridge|derivative|norris_williams(5,5,1)",2,3.3518318147271606,3.4078291373001273,3.4078291373001273,2,4.0,,1,True,False
GRAPEVINE_LeafTraits/An_spxyG70_30_byCultivar_MicroNIR_NeoSpectra,GRAPEVINE_LeafTraits,An_spxyG70_30_byCultivar_MicroNIR_NeoSpectra,ridge,compact,"ridge,pls",by_head_stage_option,"ridge|derivative|savgol_derivative(7,2,1)",1,3.419139885522464,3.419139885522464,3.419139885522464,4,4.0,,1,True,False
GRAPEVINE_LeafTraits/An_spxyG70_30_byCultivar_MicroNIR_NeoSpectra,GRAPEVINE_LeafTraits,An_spxyG70_30_byCultivar_MicroNIR_NeoSpectra,ridge,compact,"ridge,pls",by_head_stage_option,pls|baseline|detrend_poly(2),1,3.8707076707097667,3.8707076707097667,3.8707076707097667,7,7.0,,1,True,False
GRAPEVINE_LeafTraits/An_spxyG70_30_byCultivar_MicroNIR_NeoSpectra,GRAPEVINE_LeafTraits,An_spxyG70_30_byCultivar_MicroNIR_NeoSpectra,ridge,compact,"ridge,pls",by_head_stage_option,"pls|derivative|savgol_derivative(11,2,2)",1,3.870936532414428,3.870936532414428,3.870936532414428,8,8.0,,1,True,False
GRAPEVINE_LeafTraits/An_spxyG70_30_byCultivar_NeoSpectra,GRAPEVINE_LeafTraits,An_spxyG70_30_byCultivar_NeoSpectra,ridge,compact,"ridge,pls",by_operator,norris_williams,3,3.084211452995356,3.160208619372822,3.0842428986021826,1,2.3333333333333335,,1,True,False
GRAPEVINE_LeafTraits/An_spxyG70_30_byCultivar_NeoSpectra,GRAPEVINE_LeafTraits,An_spxyG70_30_byCultivar_NeoSpectra,ridge,compact,"ridge,pls",by_operator,detrend_poly,7,3.0842428986021826,3.3817047422287847,3.335326899029186,2,5.0,,1,True,False
GRAPEVINE_LeafTraits/An_spxyG70_30_byCultivar_NeoSpectra,GRAPEVINE_LeafTraits,An_spxyG70_30_byCultivar_NeoSpectra,ridge,compact,"ridge,pls",by_stage_family,derivative,3,3.084211452995356,3.160208619372822,3.0842428986021826,1,2.3333333333333335,,1,True,False
GRAPEVINE_LeafTraits/An_spxyG70_30_byCultivar_NeoSpectra,GRAPEVINE_LeafTraits,An_spxyG70_30_byCultivar_NeoSpectra,ridge,compact,"ridge,pls",by_stage_family,baseline,7,3.0842428986021826,3.3817047422287847,3.335326899029186,2,5.0,,1,True,False
GRAPEVINE_LeafTraits/An_spxyG70_30_byCultivar_NeoSpectra,GRAPEVINE_LeafTraits,An_spxyG70_30_byCultivar_NeoSpectra,ridge,compact,"ridge,pls",by_stage_option,"derivative|norris_williams(5,5,1)",3,3.084211452995356,3.160208619372822,3.0842428986021826,1,2.3333333333333335,,1,True,False
GRAPEVINE_LeafTraits/An_spxyG70_30_byCultivar_NeoSpectra,GRAPEVINE_LeafTraits,An_spxyG70_30_byCultivar_NeoSpectra,ridge,compact,"ridge,pls",by_stage_option,baseline|detrend_poly(1),5,3.0842428986021826,3.329941597186451,3.3121715065209267,2,4.4,,1,True,False
GRAPEVINE_LeafTraits/An_spxyG70_30_byCultivar_NeoSpectra,GRAPEVINE_LeafTraits,An_spxyG70_30_byCultivar_NeoSpectra,ridge,compact,"ridge,pls",by_stage_option,baseline|detrend_poly(2),2,3.3636533746232975,3.511112604834617,3.511112604834617,6,6.5,,1,True,False
GRAPEVINE_LeafTraits/An_spxyG70_30_byCultivar_NeoSpectra,GRAPEVINE_LeafTraits,An_spxyG70_30_byCultivar_NeoSpectra,ridge,compact,"ridge,pls",by_head_stage_option,"ridge|derivative|norris_williams(5,5,1)",3,3.084211452995356,3.160208619372822,3.0842428986021826,1,2.3333333333333335,,1,True,False
GRAPEVINE_LeafTraits/An_spxyG70_30_byCultivar_NeoSpectra,GRAPEVINE_LeafTraits,An_spxyG70_30_byCultivar_NeoSpectra,ridge,compact,"ridge,pls",by_head_stage_option,ridge|baseline|detrend_poly(1),4,3.0842428986021826,3.239630200950144,3.269475503084603,2,3.5,,1,True,False
GRAPEVINE_LeafTraits/An_spxyG70_30_byCultivar_NeoSpectra,GRAPEVINE_LeafTraits,An_spxyG70_30_byCultivar_NeoSpectra,ridge,compact,"ridge,pls",by_head_stage_option,ridge|baseline|detrend_poly(2),1,3.3636533746232975,3.3636533746232975,3.3636533746232975,6,6.0,,1,True,False
GRAPEVINE_LeafTraits/An_spxyG70_30_byCultivar_NeoSpectra,GRAPEVINE_LeafTraits,An_spxyG70_30_byCultivar_NeoSpectra,ridge,compact,"ridge,pls",by_head_stage_option,pls|baseline|detrend_poly(2),1,3.658571835045936,3.658571835045936,3.658571835045936,7,7.0,,1,True,False
GRAPEVINE_LeafTraits/An_spxyG70_30_byCultivar_NeoSpectra,GRAPEVINE_LeafTraits,An_spxyG70_30_byCultivar_NeoSpectra,ridge,compact,"ridge,pls",by_head_stage_option,pls|baseline|detrend_poly(1),1,3.6911871821316806,3.6911871821316806,3.6911871821316806,8,8.0,,1,True,False
GRAPEVINE_LeafTraits/LMA_spxyG70_30_byCultivar_ASD,GRAPEVINE_LeafTraits,LMA_spxyG70_30_byCultivar_ASD,ridge,compact,"ridge,pls",by_operator,identity,2,0.28781192210862966,0.2883469531556743,0.2883469531556743,1,3.5,0.0,1,True,False
GRAPEVINE_LeafTraits/LMA_spxyG70_30_byCultivar_ASD,GRAPEVINE_LeafTraits,LMA_spxyG70_30_byCultivar_ASD,ridge,compact,"ridge,pls",by_operator,savgol_smooth,4,0.28781226509792,0.2883467297066349,0.2883468206018851,2,3.5,-3.4298929035836423e-07,1,True,False
GRAPEVINE_LeafTraits/LMA_spxyG70_30_byCultivar_ASD,GRAPEVINE_LeafTraits,LMA_spxyG70_30_byCultivar_ASD,ridge,compact,"ridge,pls",by_operator,savgol_derivative,2,0.3517020040993696,0.35179763412214876,0.35179763412214876,7,7.5,-0.06389008199073992,1,True,False
GRAPEVINE_LeafTraits/LMA_spxyG70_30_byCultivar_ASD,GRAPEVINE_LeafTraits,LMA_spxyG70_30_byCultivar_ASD,ridge,compact,"ridge,pls",by_operator,detrend_poly,1,0.35189326414492794,0.35189326414492794,0.35189326414492794,8,8.0,-0.06408134203629828,1,True,False
GRAPEVINE_LeafTraits/LMA_spxyG70_30_byCultivar_ASD,GRAPEVINE_LeafTraits,LMA_spxyG70_30_byCultivar_ASD,ridge,compact,"ridge,pls",by_stage_family,identity,2,0.28781192210862966,0.2883469531556743,0.2883469531556743,1,3.5,0.0,1,True,False
GRAPEVINE_LeafTraits/LMA_spxyG70_30_byCultivar_ASD,GRAPEVINE_LeafTraits,LMA_spxyG70_30_byCultivar_ASD,ridge,compact,"ridge,pls",by_stage_family,smooth,4,0.28781226509792,0.2883467297066349,0.2883468206018851,2,3.5,-3.4298929035836423e-07,1,True,False
GRAPEVINE_LeafTraits/LMA_spxyG70_30_byCultivar_ASD,GRAPEVINE_LeafTraits,LMA_spxyG70_30_byCultivar_ASD,ridge,compact,"ridge,pls",by_stage_family,derivative,2,0.3517020040993696,0.35179763412214876,0.35179763412214876,7,7.5,-0.06389008199073992,1,True,False
GRAPEVINE_LeafTraits/LMA_spxyG70_30_byCultivar_ASD,GRAPEVINE_LeafTraits,LMA_spxyG70_30_byCultivar_ASD,ridge,compact,"ridge,pls",by_stage_family,baseline,1,0.35189326414492794,0.35189326414492794,0.35189326414492794,8,8.0,-0.06408134203629828,1,True,False
GRAPEVINE_LeafTraits/LMA_spxyG70_30_byCultivar_ASD,GRAPEVINE_LeafTraits,LMA_spxyG70_30_byCultivar_ASD,ridge,compact,"ridge,pls",by_stage_option,identity|identity,2,0.28781192210862966,0.2883469531556743,0.2883469531556743,1,3.5,0.0,1,True,False
GRAPEVINE_LeafTraits/LMA_spxyG70_30_byCultivar_ASD,GRAPEVINE_LeafTraits,LMA_spxyG70_30_byCultivar_ASD,ridge,compact,"ridge,pls",by_stage_option,"smooth|savgol_smooth(5,2)",2,0.28781226509792,0.28834663881138467,0.28834663881138467,2,3.5,-3.4298929035836423e-07,1,True,False
GRAPEVINE_LeafTraits/LMA_spxyG70_30_byCultivar_ASD,GRAPEVINE_LeafTraits,LMA_spxyG70_30_byCultivar_ASD,ridge,compact,"ridge,pls",by_stage_option,"smooth|savgol_smooth(7,2)",2,0.2878151786405164,0.2883468206018851,0.2883468206018851,3,3.5,-3.2565318867638915e-06,1,True,False
GRAPEVINE_LeafTraits/LMA_spxyG70_30_byCultivar_ASD,GRAPEVINE_LeafTraits,LMA_spxyG70_30_byCultivar_ASD,ridge,compact,"ridge,pls",by_stage_option,"derivative|savgol_derivative(11,2,2)",1,0.3517020040993696,0.3517020040993696,0.3517020040993696,7,7.0,-0.06389008199073992,1,True,False
GRAPEVINE_LeafTraits/LMA_spxyG70_30_byCultivar_ASD,GRAPEVINE_LeafTraits,LMA_spxyG70_30_byCultivar_ASD,ridge,compact,"ridge,pls",by_stage_option,baseline|detrend_poly(1),1,0.35189326414492794,0.35189326414492794,0.35189326414492794,8,8.0,-0.06408134203629828,1,True,False
GRAPEVINE_LeafTraits/LMA_spxyG70_30_byCultivar_ASD,GRAPEVINE_LeafTraits,LMA_spxyG70_30_byCultivar_ASD,ridge,compact,"ridge,pls",by_stage_option,"derivative|savgol_derivative(7,2,1)",1,0.35189326414492794,0.35189326414492794,0.35189326414492794,8,8.0,-0.06408134203629828,1,True,False
GRAPEVINE_LeafTraits/LMA_spxyG70_30_byCultivar_ASD,GRAPEVINE_LeafTraits,LMA_spxyG70_30_byCultivar_ASD,ridge,compact,"ridge,pls",by_head_stage_option,ridge|identity|identity,2,0.28781192210862966,0.2883469531556743,0.2883469531556743,1,3.5,0.0,1,True,False
GRAPEVINE_LeafTraits/LMA_spxyG70_30_byCultivar_ASD,GRAPEVINE_LeafTraits,LMA_spxyG70_30_byCultivar_ASD,ridge,compact,"ridge,pls",by_head_stage_option,"ridge|smooth|savgol_smooth(5,2)",2,0.28781226509792,0.28834663881138467,0.28834663881138467,2,3.5,-3.4298929035836423e-07,1,True,False
GRAPEVINE_LeafTraits/LMA_spxyG70_30_byCultivar_ASD,GRAPEVINE_LeafTraits,LMA_spxyG70_30_byCultivar_ASD,ridge,compact,"ridge,pls",by_head_stage_option,"ridge|smooth|savgol_smooth(7,2)",2,0.2878151786405164,0.2883468206018851,0.2883468206018851,3,3.5,-3.2565318867638915e-06,1,True,False
GRAPEVINE_LeafTraits/LMA_spxyG70_30_byCultivar_ASD,GRAPEVINE_LeafTraits,LMA_spxyG70_30_byCultivar_ASD,ridge,compact,"ridge,pls",by_head_stage_option,"pls|derivative|savgol_derivative(11,2,2)",1,0.3517020040993696,0.3517020040993696,0.3517020040993696,7,7.0,-0.06389008199073992,1,True,False
GRAPEVINE_LeafTraits/LMA_spxyG70_30_byCultivar_ASD,GRAPEVINE_LeafTraits,LMA_spxyG70_30_byCultivar_ASD,ridge,compact,"ridge,pls",by_head_stage_option,pls|baseline|detrend_poly(1),1,0.35189326414492794,0.35189326414492794,0.35189326414492794,8,8.0,-0.06408134203629828,1,True,False
GRAPEVINE_LeafTraits/LMA_spxyG70_30_byCultivar_ASD,GRAPEVINE_LeafTraits,LMA_spxyG70_30_byCultivar_ASD,ridge,compact,"ridge,pls",by_head_stage_option,"pls|derivative|savgol_derivative(7,2,1)",1,0.35189326414492794,0.35189326414492794,0.35189326414492794,8,8.0,-0.06408134203629828,1,True,False
GRAPEVINE_LeafTraits/WUEinst_spxyG70_30_byCultivar_MicroNIR_NeoSpectra,GRAPEVINE_LeafTraits,WUEinst_spxyG70_30_byCultivar_MicroNIR_NeoSpectra,ridge,compact,"ridge,pls",by_operator,norris_williams,2,1.6994193149911716,1.7004106549183322,1.7004106549183322,1,1.5,,1,True,False
GRAPEVINE_LeafTraits/WUEinst_spxyG70_30_byCultivar_MicroNIR_NeoSpectra,GRAPEVINE_LeafTraits,WUEinst_spxyG70_30_byCultivar_MicroNIR_NeoSpectra,ridge,compact,"ridge,pls",by_operator,detrend_poly,2,1.701401994845493,1.703482281246528,1.703482281246528,2,3.0,,1,True,False
GRAPEVINE_LeafTraits/WUEinst_spxyG70_30_byCultivar_MicroNIR_NeoSpectra,GRAPEVINE_LeafTraits,WUEinst_spxyG70_30_byCultivar_MicroNIR_NeoSpectra,ridge,compact,"ridge,pls",by_operator,finite_difference,4,1.7020147266660972,1.8281921122015687,1.829556722063864,3,5.75,,1,True,False
GRAPEVINE_LeafTraits/WUEinst_spxyG70_30_byCultivar_MicroNIR_NeoSpectra,GRAPEVINE_LeafTraits,WUEinst_spxyG70_30_byCultivar_MicroNIR_NeoSpectra,ridge,compact,"ridge,pls",by_operator,savgol_derivative,2,1.7055625676475632,1.7112823526453205,1.7112823526453205,4,5.0,,1,True,False
GRAPEVINE_LeafTraits/WUEinst_spxyG70_30_byCultivar_MicroNIR_NeoSpectra,GRAPEVINE_LeafTraits,WUEinst_spxyG70_30_byCultivar_MicroNIR_NeoSpectra,ridge,compact,"ridge,pls",by_operator,savgol_smooth,2,1.7136669210062352,1.8326535995093427,1.8326535995093427,5,6.5,,1,True,False
GRAPEVINE_LeafTraits/WUEinst_spxyG70_30_byCultivar_MicroNIR_NeoSpectra,GRAPEVINE_LeafTraits,WUEinst_spxyG70_30_byCultivar_MicroNIR_NeoSpectra,ridge,compact,"ridge,pls",by_stage_family,derivative,8,1.6994193149911716,1.7670193079916976,1.7096147443268992,1,4.5,,1,True,False
GRAPEVINE_LeafTraits/WUEinst_spxyG70_30_byCultivar_MicroNIR_NeoSpectra,GRAPEVINE_LeafTraits,WUEinst_spxyG70_30_byCultivar_MicroNIR_NeoSpectra,ridge,compact,"ridge,pls",by_stage_family,baseline,2,1.701401994845493,1.703482281246528,1.703482281246528,2,3.0,,1,True,False
GRAPEVINE_LeafTraits/WUEinst_spxyG70_30_byCultivar_MicroNIR_NeoSpectra,GRAPEVINE_LeafTraits,WUEinst_spxyG70_30_byCultivar_MicroNIR_NeoSpectra,ridge,compact,"ridge,pls",by_stage_family,smooth,2,1.7136669210062352,1.8326535995093427,1.8326535995093427,5,6.5,,1,True,False
GRAPEVINE_LeafTraits/WUEinst_spxyG70_30_byCultivar_MicroNIR_NeoSpectra,GRAPEVINE_LeafTraits,WUEinst_spxyG70_30_byCultivar_MicroNIR_NeoSpectra,ridge,compact,"ridge,pls",by_stage_option,"derivative|norris_williams(5,5,1)",2,1.6994193149911716,1.7004106549183322,1.7004106549183322,1,1.5,,1,True,False
GRAPEVINE_LeafTraits/WUEinst_spxyG70_30_byCultivar_MicroNIR_NeoSpectra,GRAPEVINE_LeafTraits,WUEinst_spxyG70_30_byCultivar_MicroNIR_NeoSpectra,ridge,compact,"ridge,pls",by_stage_option,baseline|detrend_poly(1),2,1.701401994845493,1.703482281246528,1.703482281246528,2,3.0,,1,True,False
GRAPEVINE_LeafTraits/WUEinst_spxyG70_30_byCultivar_MicroNIR_NeoSpectra,GRAPEVINE_LeafTraits,WUEinst_spxyG70_30_byCultivar_MicroNIR_NeoSpectra,ridge,compact,"ridge,pls",by_stage_option,derivative|finite_difference(1),4,1.7020147266660972,1.8281921122015687,1.829556722063864,3,5.75,,1,True,False
GRAPEVINE_LeafTraits/WUEinst_spxyG70_30_byCultivar_MicroNIR_NeoSpectra,GRAPEVINE_LeafTraits,WUEinst_spxyG70_30_byCultivar_MicroNIR_NeoSpectra,ridge,compact,"ridge,pls",by_stage_option,"derivative|savgol_derivative(7,2,1)",2,1.7055625676475632,1.7112823526453205,1.7112823526453205,4,5.0,,1,True,False
GRAPEVINE_LeafTraits/WUEinst_spxyG70_30_byCultivar_MicroNIR_NeoSpectra,GRAPEVINE_LeafTraits,WUEinst_spxyG70_30_byCultivar_MicroNIR_NeoSpectra,ridge,compact,"ridge,pls",by_stage_option,"smooth|savgol_smooth(5,2)",2,1.7136669210062352,1.8326535995093427,1.8326535995093427,5,6.5,,1,True,False
GRAPEVINE_LeafTraits/WUEinst_spxyG70_30_byCultivar_MicroNIR_NeoSpectra,GRAPEVINE_LeafTraits,WUEinst_spxyG70_30_byCultivar_MicroNIR_NeoSpectra,ridge,compact,"ridge,pls",by_head_stage_option,"ridge|derivative|norris_williams(5,5,1)",2,1.6994193149911716,1.7004106549183322,1.7004106549183322,1,1.5,,1,True,False
GRAPEVINE_LeafTraits/WUEinst_spxyG70_30_byCultivar_MicroNIR_NeoSpectra,GRAPEVINE_LeafTraits,WUEinst_spxyG70_30_byCultivar_MicroNIR_NeoSpectra,ridge,compact,"ridge,pls",by_head_stage_option,ridge|baseline|detrend_poly(1),2,1.701401994845493,1.703482281246528,1.703482281246528,2,3.0,,1,True,False
GRAPEVINE_LeafTraits/WUEinst_spxyG70_30_byCultivar_MicroNIR_NeoSpectra,GRAPEVINE_LeafTraits,WUEinst_spxyG70_30_byCultivar_MicroNIR_NeoSpectra,ridge,compact,"ridge,pls",by_head_stage_option,ridge|derivative|finite_difference(1),2,1.7020147266660972,1.7078408238361662,1.7078408238361662,3,4.0,,1,True,False
GRAPEVINE_LeafTraits/WUEinst_spxyG70_30_byCultivar_MicroNIR_NeoSpectra,GRAPEVINE_LeafTraits,WUEinst_spxyG70_30_byCultivar_MicroNIR_NeoSpectra,ridge,compact,"ridge,pls",by_head_stage_option,"ridge|derivative|savgol_derivative(7,2,1)",2,1.7055625676475632,1.7112823526453205,1.7112823526453205,4,5.0,,1,True,False
GRAPEVINE_LeafTraits/WUEinst_spxyG70_30_byCultivar_MicroNIR_NeoSpectra,GRAPEVINE_LeafTraits,WUEinst_spxyG70_30_byCultivar_MicroNIR_NeoSpectra,ridge,compact,"ridge,pls",by_head_stage_option,"ridge|smooth|savgol_smooth(5,2)",1,1.7136669210062352,1.7136669210062352,1.7136669210062352,5,5.0,,1,True,False
GRAPEVINE_LeafTraits/WUEinst_spxyG70_30_byCultivar_MicroNIR_NeoSpectra,GRAPEVINE_LeafTraits,WUEinst_spxyG70_30_byCultivar_MicroNIR_NeoSpectra,ridge,compact,"ridge,pls",by_head_stage_option,pls|derivative|finite_difference(1),2,1.9454465231214928,1.9485434005669715,1.9485434005669715,7,7.5,,1,True,False
GRAPEVINE_LeafTraits/WUEinst_spxyG70_30_byCultivar_MicroNIR_NeoSpectra,GRAPEVINE_LeafTraits,WUEinst_spxyG70_30_byCultivar_MicroNIR_NeoSpectra,ridge,compact,"ridge,pls",by_head_stage_option,"pls|smooth|savgol_smooth(5,2)",1,1.95164027801245,1.95164027801245,1.95164027801245,8,8.0,,1,True,False
IncombustibleMaterial/TIC_spxy70,IncombustibleMaterial,TIC_spxy70,ridge,compact,"ridge,pls",by_operator,finite_difference,5,5.255721616907072,5.444744549948043,5.336406523207123,1,3.2,,1,True,False
IncombustibleMaterial/TIC_spxy70,IncombustibleMaterial,TIC_spxy70,ridge,compact,"ridge,pls",by_operator,savgol_smooth,2,5.545882120467285,5.654337031568593,5.654337031568593,4,5.0,,1,True,False
IncombustibleMaterial/TIC_spxy70,IncombustibleMaterial,TIC_spxy70,ridge,compact,"ridge,pls",by_operator,norris_williams,1,5.751128763229246,5.751128763229246,5.751128763229246,5,5.0,,1,True,False
IncombustibleMaterial/TIC_spxy70,IncombustibleMaterial,TIC_spxy70,ridge,compact,"ridge,pls",by_stage_family,derivative,6,5.255721616907072,5.49580858549491,5.4411443218372035,1,3.5,,1,True,False
IncombustibleMaterial/TIC_spxy70,IncombustibleMaterial,TIC_spxy70,ridge,compact,"ridge,pls",by_stage_family,smooth,2,5.545882120467285,5.654337031568593,5.654337031568593,4,5.0,,1,True,False
IncombustibleMaterial/TIC_spxy70,IncombustibleMaterial,TIC_spxy70,ridge,compact,"ridge,pls",by_stage_option,derivative|finite_difference(1),5,5.255721616907072,5.444744549948043,5.336406523207123,1,3.2,,1,True,False
IncombustibleMaterial/TIC_spxy70,IncombustibleMaterial,TIC_spxy70,ridge,compact,"ridge,pls",by_stage_option,"smooth|savgol_smooth(5,2)",2,5.545882120467285,5.654337031568593,5.654337031568593,4,5.0,,1,True,False
IncombustibleMaterial/TIC_spxy70,IncombustibleMaterial,TIC_spxy70,ridge,compact,"ridge,pls",by_stage_option,"derivative|norris_williams(5,5,1)",1,5.751128763229246,5.751128763229246,5.751128763229246,5,5.0,,1,True,False
IncombustibleMaterial/TIC_spxy70,IncombustibleMaterial,TIC_spxy70,ridge,compact,"ridge,pls",by_head_stage_option,ridge|derivative|finite_difference(1),4,5.255721616907072,5.365232701767578,5.329663534847979,1,2.5,,1,True,False
IncombustibleMaterial/TIC_spxy70,IncombustibleMaterial,TIC_spxy70,ridge,compact,"ridge,pls",by_head_stage_option,"ridge|smooth|savgol_smooth(5,2)",1,5.545882120467285,5.545882120467285,5.545882120467285,4,4.0,,1,True,False
IncombustibleMaterial/TIC_spxy70,IncombustibleMaterial,TIC_spxy70,ridge,compact,"ridge,pls",by_head_stage_option,"pls|derivative|norris_williams(5,5,1)",1,5.751128763229246,5.751128763229246,5.751128763229246,5,5.0,,1,True,False
IncombustibleMaterial/TIC_spxy70,IncombustibleMaterial,TIC_spxy70,ridge,compact,"ridge,pls",by_head_stage_option,pls|derivative|finite_difference(1),1,5.7627919426699,5.7627919426699,5.7627919426699,6,6.0,,1,True,False
IncombustibleMaterial/TIC_spxy70,IncombustibleMaterial,TIC_spxy70,ridge,compact,"ridge,pls",by_head_stage_option,"pls|smooth|savgol_smooth(5,2)",1,5.7627919426699,5.7627919426699,5.7627919426699,6,6.0,,1,True,False
MANURE21/All_manure_CaO_SPXY_strat_Manure_type,MANURE21,All_manure_CaO_SPXY_strat_Manure_type,ridge,compact,"ridge,pls",by_operator,identity,2,15.309663393104419,15.532829265626926,15.532829265626926,1,2.5,0.0,1,True,False
MANURE21/All_manure_CaO_SPXY_strat_Manure_type,MANURE21,All_manure_CaO_SPXY_strat_Manure_type,ridge,compact,"ridge,pls",by_operator,savgol_smooth,4,15.34108028525352,15.556971624879488,15.55904944063907,2,4.0,-0.03141689214910137,1,True,False
MANURE21/All_manure_CaO_SPXY_strat_Manure_type,MANURE21,All_manure_CaO_SPXY_strat_Manure_type,ridge,compact,"ridge,pls",by_operator,savgol_derivative,1,16.517256260105423,16.517256260105423,16.517256260105423,7,7.0,-1.2075928670010043,1,True,False
MANURE21/All_manure_CaO_SPXY_strat_Manure_type,MANURE21,All_manure_CaO_SPXY_strat_Manure_type,ridge,compact,"ridge,pls",by_operator,finite_difference,1,16.81973137138072,16.81973137138072,16.81973137138072,8,8.0,-1.5100679782763002,1,True,False
MANURE21/All_manure_CaO_SPXY_strat_Manure_type,MANURE21,All_manure_CaO_SPXY_strat_Manure_type,ridge,compact,"ridge,pls",by_stage_family,identity,2,15.309663393104419,15.532829265626926,15.532829265626926,1,2.5,0.0,1,True,False
MANURE21/All_manure_CaO_SPXY_strat_Manure_type,MANURE21,All_manure_CaO_SPXY_strat_Manure_type,ridge,compact,"ridge,pls",by_stage_family,smooth,4,15.34108028525352,15.556971624879488,15.55904944063907,2,4.0,-0.03141689214910137,1,True,False
MANURE21/All_manure_CaO_SPXY_strat_Manure_type,MANURE21,All_manure_CaO_SPXY_strat_Manure_type,ridge,compact,"ridge,pls",by_stage_family,derivative,2,16.517256260105423,16.66849381574307,16.66849381574307,7,7.5,-1.2075928670010043,1,True,False
MANURE21/All_manure_CaO_SPXY_strat_Manure_type,MANURE21,All_manure_CaO_SPXY_strat_Manure_type,ridge,compact,"ridge,pls",by_stage_option,identity|identity,2,15.309663393104419,15.532829265626926,15.532829265626926,1,2.5,0.0,1,True,False
MANURE21/All_manure_CaO_SPXY_strat_Manure_type,MANURE21,All_manure_CaO_SPXY_strat_Manure_type,ridge,compact,"ridge,pls",by_stage_option,"smooth|savgol_smooth(5,2)",2,15.34108028525352,15.55304092526841,15.55304092526841,2,3.5,-0.03141689214910137,1,True,False
MANURE21/All_manure_CaO_SPXY_strat_Manure_type,MANURE21,All_manure_CaO_SPXY_strat_Manure_type,ridge,compact,"ridge,pls",by_stage_option,"smooth|savgol_smooth(7,2)",2,15.35309731599484,15.560902324490565,15.560902324490565,3,4.5,-0.04343392289042036,1,True,False
MANURE21/All_manure_CaO_SPXY_strat_Manure_type,MANURE21,All_manure_CaO_SPXY_strat_Manure_type,ridge,compact,"ridge,pls",by_stage_option,"derivative|savgol_derivative(11,2,2)",1,16.517256260105423,16.517256260105423,16.517256260105423,7,7.0,-1.2075928670010043,1,True,False
MANURE21/All_manure_CaO_SPXY_strat_Manure_type,MANURE21,All_manure_CaO_SPXY_strat_Manure_type,ridge,compact,"ridge,pls",by_stage_option,derivative|finite_difference(1),1,16.81973137138072,16.81973137138072,16.81973137138072,8,8.0,-1.5100679782763002,1,True,False
MANURE21/All_manure_CaO_SPXY_strat_Manure_type,MANURE21,All_manure_CaO_SPXY_strat_Manure_type,ridge,compact,"ridge,pls",by_head_stage_option,ridge|identity|identity,2,15.309663393104419,15.532829265626926,15.532829265626926,1,2.5,0.0,1,True,False
MANURE21/All_manure_CaO_SPXY_strat_Manure_type,MANURE21,All_manure_CaO_SPXY_strat_Manure_type,ridge,compact,"ridge,pls",by_head_stage_option,"ridge|smooth|savgol_smooth(5,2)",2,15.34108028525352,15.55304092526841,15.55304092526841,2,3.5,-0.03141689214910137,1,True,False
MANURE21/All_manure_CaO_SPXY_strat_Manure_type,MANURE21,All_manure_CaO_SPXY_strat_Manure_type,ridge,compact,"ridge,pls",by_head_stage_option,"ridge|smooth|savgol_smooth(7,2)",2,15.35309731599484,15.560902324490565,15.560902324490565,3,4.5,-0.04343392289042036,1,True,False
MANURE21/All_manure_CaO_SPXY_strat_Manure_type,MANURE21,All_manure_CaO_SPXY_strat_Manure_type,ridge,compact,"ridge,pls",by_head_stage_option,"pls|derivative|savgol_derivative(11,2,2)",1,16.517256260105423,16.517256260105423,16.517256260105423,7,7.0,-1.2075928670010043,1,True,False
MANURE21/All_manure_CaO_SPXY_strat_Manure_type,MANURE21,All_manure_CaO_SPXY_strat_Manure_type,ridge,compact,"ridge,pls",by_head_stage_option,pls|derivative|finite_difference(1),1,16.81973137138072,16.81973137138072,16.81973137138072,8,8.0,-1.5100679782763002,1,True,False
MANURE21/All_manure_K2O_SPXY_strat_Manure_type,MANURE21,All_manure_K2O_SPXY_strat_Manure_type,ridge,compact,"ridge,pls",by_operator,savgol_smooth,3,3.8137167234248768,3.9023900884662273,3.8480365838160084,1,3.0,0.03834627892566367,1,True,False
MANURE21/All_manure_K2O_SPXY_strat_Manure_type,MANURE21,All_manure_K2O_SPXY_strat_Manure_type,ridge,compact,"ridge,pls",by_operator,identity,1,3.8520630023505404,3.8520630023505404,3.8520630023505404,3,3.0,0.0,1,True,False
MANURE21/All_manure_K2O_SPXY_strat_Manure_type,MANURE21,All_manure_K2O_SPXY_strat_Manure_type,ridge,compact,"ridge,pls",by_operator,detrend_poly,4,3.9892749221385495,4.241877543593951,4.24461994963278,4,6.0,-0.13721191978800906,1,True,False
MANURE21/All_manure_K2O_SPXY_strat_Manure_type,MANURE21,All_manure_K2O_SPXY_strat_Manure_type,ridge,compact,"ridge,pls",by_operator,savgol_derivative,1,4.447996970499506,4.447996970499506,4.447996970499506,7,7.0,-0.5959339681489659,1,True,False
MANURE21/All_manure_K2O_SPXY_strat_Manure_type,MANURE21,All_manure_K2O_SPXY_strat_Manure_type,ridge,compact,"ridge,pls",by_operator,norris_williams,1,4.488995352971694,4.488995352971694,4.488995352971694,8,8.0,-0.6369323506211533,1,True,False
MANURE21/All_manure_K2O_SPXY_strat_Manure_type,MANURE21,All_manure_K2O_SPXY_strat_Manure_type,ridge,compact,"ridge,pls",by_stage_family,smooth,3,3.8137167234248768,3.9023900884662273,3.8480365838160084,1,3.0,0.03834627892566367,1,True,False
MANURE21/All_manure_K2O_SPXY_strat_Manure_type,MANURE21,All_manure_K2O_SPXY_strat_Manure_type,ridge,compact,"ridge,pls",by_stage_family,identity,1,3.8520630023505404,3.8520630023505404,3.8520630023505404,3,3.0,0.0,1,True,False
MANURE21/All_manure_K2O_SPXY_strat_Manure_type,MANURE21,All_manure_K2O_SPXY_strat_Manure_type,ridge,compact,"ridge,pls",by_stage_family,baseline,4,3.9892749221385495,4.241877543593951,4.24461994963278,4,6.0,-0.13721191978800906,1,True,False
MANURE21/All_manure_K2O_SPXY_strat_Manure_type,MANURE21,All_manure_K2O_SPXY_strat_Manure_type,ridge,compact,"ridge,pls",by_stage_family,derivative,2,4.447996970499506,4.4684961617356,4.4684961617356,7,7.5,-0.5959339681489659,1,True,False
MANURE21/All_manure_K2O_SPXY_strat_Manure_type,MANURE21,All_manure_K2O_SPXY_strat_Manure_type,ridge,compact,"ridge,pls",by_stage_option,"smooth|savgol_smooth(7,2)",2,3.8137167234248768,3.929566840791337,3.929566840791337,1,3.5,0.03834627892566367,1,True,False
MANURE21/All_manure_K2O_SPXY_strat_Manure_type,MANURE21,All_manure_K2O_SPXY_strat_Manure_type,ridge,compact,"ridge,pls",by_stage_option,"smooth|savgol_smooth(5,2)",1,3.8480365838160084,3.8480365838160084,3.8480365838160084,2,2.0,0.004026418534532006,1,True,False
MANURE21/All_manure_K2O_SPXY_strat_Manure_type,MANURE21,All_manure_K2O_SPXY_strat_Manure_type,ridge,compact,"ridge,pls",by_stage_option,identity|identity,1,3.8520630023505404,3.8520630023505404,3.8520630023505404,3,3.0,0.0,1,True,False
MANURE21/All_manure_K2O_SPXY_strat_Manure_type,MANURE21,All_manure_K2O_SPXY_strat_Manure_type,ridge,compact,"ridge,pls",by_stage_option,baseline|detrend_poly(1),4,3.9892749221385495,4.241877543593951,4.24461994963278,4,6.0,-0.13721191978800906,1,True,False
MANURE21/All_manure_K2O_SPXY_strat_Manure_type,MANURE21,All_manure_K2O_SPXY_strat_Manure_type,ridge,compact,"ridge,pls",by_stage_option,"derivative|savgol_derivative(7,2,1)",1,4.447996970499506,4.447996970499506,4.447996970499506,7,7.0,-0.5959339681489659,1,True,False
MANURE21/All_manure_K2O_SPXY_strat_Manure_type,MANURE21,All_manure_K2O_SPXY_strat_Manure_type,ridge,compact,"ridge,pls",by_stage_option,"derivative|norris_williams(5,5,1)",1,4.488995352971694,4.488995352971694,4.488995352971694,8,8.0,-0.6369323506211533,1,True,False
MANURE21/All_manure_K2O_SPXY_strat_Manure_type,MANURE21,All_manure_K2O_SPXY_strat_Manure_type,ridge,compact,"ridge,pls",by_head_stage_option,"ridge|smooth|savgol_smooth(7,2)",2,3.8137167234248768,3.929566840791337,3.929566840791337,1,3.5,0.03834627892566367,1,True,False
MANURE21/All_manure_K2O_SPXY_strat_Manure_type,MANURE21,All_manure_K2O_SPXY_strat_Manure_type,ridge,compact,"ridge,pls",by_head_stage_option,"ridge|smooth|savgol_smooth(5,2)",1,3.8480365838160084,3.8480365838160084,3.8480365838160084,2,2.0,0.004026418534532006,1,True,False
MANURE21/All_manure_K2O_SPXY_strat_Manure_type,MANURE21,All_manure_K2O_SPXY_strat_Manure_type,ridge,compact,"ridge,pls",by_head_stage_option,ridge|identity|identity,1,3.8520630023505404,3.8520630023505404,3.8520630023505404,3,3.0,0.0,1,True,False
MANURE21/All_manure_K2O_SPXY_strat_Manure_type,MANURE21,All_manure_K2O_SPXY_strat_Manure_type,ridge,compact,"ridge,pls",by_head_stage_option,ridge|baseline|detrend_poly(1),2,3.9892749221385495,4.015258925452302,4.015258925452302,4,4.5,-0.13721191978800906,1,True,False
MANURE21/All_manure_K2O_SPXY_strat_Manure_type,MANURE21,All_manure_K2O_SPXY_strat_Manure_type,ridge,compact,"ridge,pls",by_head_stage_option,"pls|derivative|savgol_derivative(7,2,1)",1,4.447996970499506,4.447996970499506,4.447996970499506,7,7.0,-0.5959339681489659,1,True,False
MANURE21/All_manure_K2O_SPXY_strat_Manure_type,MANURE21,All_manure_K2O_SPXY_strat_Manure_type,ridge,compact,"ridge,pls",by_head_stage_option,pls|baseline|detrend_poly(1),2,4.447996970499506,4.4684961617356,4.4684961617356,7,7.5,-0.5959339681489659,1,True,False
MANURE21/All_manure_K2O_SPXY_strat_Manure_type,MANURE21,All_manure_K2O_SPXY_strat_Manure_type,ridge,compact,"ridge,pls",by_head_stage_option,"pls|derivative|norris_williams(5,5,1)",1,4.488995352971694,4.488995352971694,4.488995352971694,8,8.0,-0.6369323506211533,1,True,False
MANURE21/All_manure_MgO_SPXY_strat_Manure_type,MANURE21,All_manure_MgO_SPXY_strat_Manure_type,ridge,compact,"ridge,pls",by_operator,savgol_smooth,3,1.3300917613296745,1.43172450618797,1.330929262677839,1,3.6666666666666665,0.0009078070227523938,1,True,False
MANURE21/All_manure_MgO_SPXY_strat_Manure_type,MANURE21,All_manure_MgO_SPXY_strat_Manure_type,ridge,compact,"ridge,pls",by_operator,identity,1,1.330999568352427,1.330999568352427,1.330999568352427,3,3.0,0.0,1,True,False
MANURE21/All_manure_MgO_SPXY_strat_Manure_type,MANURE21,All_manure_MgO_SPXY_strat_Manure_type,ridge,compact,"ridge,pls",by_operator,detrend_poly,3,1.3375111316734554,1.3774835537258963,1.3750531773716248,4,5.0,-0.006511563321028424,1,True,False
MANURE21/All_manure_MgO_SPXY_strat_Manure_type,MANURE21,All_manure_MgO_SPXY_strat_Manure_type,ridge,compact,"ridge,pls",by_operator,finite_difference,2,1.6188797068332779,1.626516100694837,1.626516100694837,7,7.5,-0.2878801384808509,1,True,False
MANURE21/All_manure_MgO_SPXY_strat_Manure_type,MANURE21,All_manure_MgO_SPXY_strat_Manure_type,ridge,compact,"ridge,pls",by_stage_family,smooth,3,1.3300917613296745,1.43172450618797,1.330929262677839,1,3.6666666666666665,0.0009078070227523938,1,True,False
MANURE21/All_manure_MgO_SPXY_strat_Manure_type,MANURE21,All_manure_MgO_SPXY_strat_Manure_type,ridge,compact,"ridge,pls",by_stage_family,identity,1,1.330999568352427,1.330999568352427,1.330999568352427,3,3.0,0.0,1,True,False
MANURE21/All_manure_MgO_SPXY_strat_Manure_type,MANURE21,All_manure_MgO_SPXY_strat_Manure_type,ridge,compact,"ridge,pls",by_stage_family,baseline,3,1.3375111316734554,1.3774835537258963,1.3750531773716248,4,5.0,-0.006511563321028424,1,True,False
MANURE21/All_manure_MgO_SPXY_strat_Manure_type,MANURE21,All_manure_MgO_SPXY_strat_Manure_type,ridge,compact,"ridge,pls",by_stage_family,derivative,2,1.6188797068332779,1.626516100694837,1.626516100694837,7,7.5,-0.2878801384808509,1,True,False
MANURE21/All_manure_MgO_SPXY_strat_Manure_type,MANURE21,All_manure_MgO_SPXY_strat_Manure_type,ridge,compact,"ridge,pls",by_stage_option,"smooth|savgol_smooth(5,2)",2,1.3300917613296745,1.4821221279430352,1.4821221279430352,1,4.5,0.0009078070227523938,1,True,False
MANURE21/All_manure_MgO_SPXY_strat_Manure_type,MANURE21,All_manure_MgO_SPXY_strat_Manure_type,ridge,compact,"ridge,pls",by_stage_option,"smooth|savgol_smooth(7,2)",1,1.330929262677839,1.330929262677839,1.330929262677839,2,2.0,7.030567458787829e-05,1,True,False
MANURE21/All_manure_MgO_SPXY_strat_Manure_type,MANURE21,All_manure_MgO_SPXY_strat_Manure_type,ridge,compact,"ridge,pls",by_stage_option,identity|identity,1,1.330999568352427,1.330999568352427,1.330999568352427,3,3.0,0.0,1,True,False
MANURE21/All_manure_MgO_SPXY_strat_Manure_type,MANURE21,All_manure_MgO_SPXY_strat_Manure_type,ridge,compact,"ridge,pls",by_stage_option,baseline|detrend_poly(1),2,1.3375111316734554,1.35628215452254,1.35628215452254,4,4.5,-0.006511563321028424,1,True,False
MANURE21/All_manure_MgO_SPXY_strat_Manure_type,MANURE21,All_manure_MgO_SPXY_strat_Manure_type,ridge,compact,"ridge,pls",by_stage_option,baseline|detrend_poly(2),1,1.4198863521326088,1.4198863521326088,1.4198863521326088,6,6.0,-0.08888678378018189,1,True,False
MANURE21/All_manure_MgO_SPXY_strat_Manure_type,MANURE21,All_manure_MgO_SPXY_strat_Manure_type,ridge,compact,"ridge,pls",by_stage_option,derivative|finite_difference(1),2,1.6188797068332779,1.626516100694837,1.626516100694837,7,7.5,-0.2878801384808509,1,True,False
MANURE21/All_manure_MgO_SPXY_strat_Manure_type,MANURE21,All_manure_MgO_SPXY_strat_Manure_type,ridge,compact,"ridge,pls",by_head_stage_option,"ridge|smooth|savgol_smooth(5,2)",1,1.3300917613296745,1.3300917613296745,1.3300917613296745,1,1.0,0.0009078070227523938,1,True,False
MANURE21/All_manure_MgO_SPXY_strat_Manure_type,MANURE21,All_manure_MgO_SPXY_strat_Manure_type,ridge,compact,"ridge,pls",by_head_stage_option,"ridge|smooth|savgol_smooth(7,2)",1,1.330929262677839,1.330929262677839,1.330929262677839,2,2.0,7.030567458787829e-05,1,True,False
MANURE21/All_manure_MgO_SPXY_strat_Manure_type,MANURE21,All_manure_MgO_SPXY_strat_Manure_type,ridge,compact,"ridge,pls",by_head_stage_option,ridge|identity|identity,1,1.330999568352427,1.330999568352427,1.330999568352427,3,3.0,0.0,1,True,False
MANURE21/All_manure_MgO_SPXY_strat_Manure_type,MANURE21,All_manure_MgO_SPXY_strat_Manure_type,ridge,compact,"ridge,pls",by_head_stage_option,ridge|baseline|detrend_poly(1),2,1.3375111316734554,1.35628215452254,1.35628215452254,4,4.5,-0.006511563321028424,1,True,False
MANURE21/All_manure_MgO_SPXY_strat_Manure_type,MANURE21,All_manure_MgO_SPXY_strat_Manure_type,ridge,compact,"ridge,pls",by_head_stage_option,ridge|baseline|detrend_poly(2),1,1.4198863521326088,1.4198863521326088,1.4198863521326088,6,6.0,-0.08888678378018189,1,True,False
MANURE21/All_manure_MgO_SPXY_strat_Manure_type,MANURE21,All_manure_MgO_SPXY_strat_Manure_type,ridge,compact,"ridge,pls",by_head_stage_option,pls|derivative|finite_difference(1),2,1.6188797068332779,1.626516100694837,1.626516100694837,7,7.5,-0.2878801384808509,1,True,False
MANURE21/All_manure_MgO_SPXY_strat_Manure_type,MANURE21,All_manure_MgO_SPXY_strat_Manure_type,ridge,compact,"ridge,pls",by_head_stage_option,"pls|smooth|savgol_smooth(5,2)",1,1.634152494556396,1.634152494556396,1.634152494556396,8,8.0,-0.30315292620396916,1,True,False
MANURE21/All_manure_P2O5_SPXY_strat_Manure_type,MANURE21,All_manure_P2O5_SPXY_strat_Manure_type,ridge,compact,"ridge,pls",by_operator,identity,2,3.6567277444658592,3.7981721181384756,3.7981721181384756,1,3.0,0.0,1,True,False
MANURE21/All_manure_P2O5_SPXY_strat_Manure_type,MANURE21,All_manure_P2O5_SPXY_strat_Manure_type,ridge,compact,"ridge,pls",by_operator,savgol_smooth,4,3.6769881103051554,4.015728390778767,3.8157827875515085,2,4.75,-0.020260365839296135,1,True,False
MANURE21/All_manure_P2O5_SPXY_strat_Manure_type,MANURE21,All_manure_P2O5_SPXY_strat_Manure_type,ridge,compact,"ridge,pls",by_operator,detrend_poly,1,3.8475772235514683,3.8475772235514683,3.8475772235514683,4,4.0,-0.190849479085609,1,True,False
MANURE21/All_manure_P2O5_SPXY_strat_Manure_type,MANURE21,All_manure_P2O5_SPXY_strat_Manure_type,ridge,compact,"ridge,pls",by_operator,finite_difference,2,4.703992678117756,4.729176277912325,4.729176277912325,7,7.5,-1.0472649336518969,1,True,False
MANURE21/All_manure_P2O5_SPXY_strat_Manure_type,MANURE21,All_manure_P2O5_SPXY_strat_Manure_type,ridge,compact,"ridge,pls",by_stage_family,identity,2,3.6567277444658592,3.7981721181384756,3.7981721181384756,1,3.0,0.0,1,True,False
MANURE21/All_manure_P2O5_SPXY_strat_Manure_type,MANURE21,All_manure_P2O5_SPXY_strat_Manure_type,ridge,compact,"ridge,pls",by_stage_family,smooth,4,3.6769881103051554,4.015728390778767,3.8157827875515085,2,4.75,-0.020260365839296135,1,True,False
MANURE21/All_manure_P2O5_SPXY_strat_Manure_type,MANURE21,All_manure_P2O5_SPXY_strat_Manure_type,ridge,compact,"ridge,pls",by_stage_family,baseline,1,3.8475772235514683,3.8475772235514683,3.8475772235514683,4,4.0,-0.190849479085609,1,True,False
MANURE21/All_manure_P2O5_SPXY_strat_Manure_type,MANURE21,All_manure_P2O5_SPXY_strat_Manure_type,ridge,compact,"ridge,pls",by_stage_family,derivative,2,4.703992678117756,4.729176277912325,4.729176277912325,7,7.5,-1.0472649336518969,1,True,False
MANURE21/All_manure_P2O5_SPXY_strat_Manure_type,MANURE21,All_manure_P2O5_SPXY_strat_Manure_type,ridge,compact,"ridge,pls",by_stage_option,identity|identity,2,3.6567277444658592,3.7981721181384756,3.7981721181384756,1,3.0,0.0,1,True,False
MANURE21/All_manure_P2O5_SPXY_strat_Manure_type,MANURE21,All_manure_P2O5_SPXY_strat_Manure_type,ridge,compact,"ridge,pls",by_stage_option,"smooth|savgol_smooth(5,2)",3,3.6769881103051554,4.125288527967861,3.944517595891533,2,5.333333333333333,-0.020260365839296135,1,True,False
MANURE21/All_manure_P2O5_SPXY_strat_Manure_type,MANURE21,All_manure_P2O5_SPXY_strat_Manure_type,ridge,compact,"ridge,pls",by_stage_option,"smooth|savgol_smooth(7,2)",1,3.687047979211484,3.687047979211484,3.687047979211484,3,3.0,-0.03032023474562484,1,True,False
MANURE21/All_manure_P2O5_SPXY_strat_Manure_type,MANURE21,All_manure_P2O5_SPXY_strat_Manure_type,ridge,compact,"ridge,pls",by_stage_option,baseline|detrend_poly(1),1,3.8475772235514683,3.8475772235514683,3.8475772235514683,4,4.0,-0.190849479085609,1,True,False
MANURE21/All_manure_P2O5_SPXY_strat_Manure_type,MANURE21,All_manure_P2O5_SPXY_strat_Manure_type,ridge,compact,"ridge,pls",by_stage_option,derivative|finite_difference(1),2,4.703992678117756,4.729176277912325,4.729176277912325,7,7.5,-1.0472649336518969,1,True,False
MANURE21/All_manure_P2O5_SPXY_strat_Manure_type,MANURE21,All_manure_P2O5_SPXY_strat_Manure_type,ridge,compact,"ridge,pls",by_head_stage_option,ridge|identity|identity,2,3.6567277444658592,3.7981721181384756,3.7981721181384756,1,3.0,0.0,1,True,False
MANURE21/All_manure_P2O5_SPXY_strat_Manure_type,MANURE21,All_manure_P2O5_SPXY_strat_Manure_type,ridge,compact,"ridge,pls",by_head_stage_option,"ridge|smooth|savgol_smooth(5,2)",2,3.6769881103051554,3.810752853098344,3.810752853098344,2,4.0,-0.020260365839296135,1,True,False
MANURE21/All_manure_P2O5_SPXY_strat_Manure_type,MANURE21,All_manure_P2O5_SPXY_strat_Manure_type,ridge,compact,"ridge,pls",by_head_stage_option,"ridge|smooth|savgol_smooth(7,2)",1,3.687047979211484,3.687047979211484,3.687047979211484,3,3.0,-0.03032023474562484,1,True,False
MANURE21/All_manure_P2O5_SPXY_strat_Manure_type,MANURE21,All_manure_P2O5_SPXY_strat_Manure_type,ridge,compact,"ridge,pls",by_head_stage_option,ridge|baseline|detrend_poly(1),1,3.8475772235514683,3.8475772235514683,3.8475772235514683,4,4.0,-0.190849479085609,1,True,False
MANURE21/All_manure_P2O5_SPXY_strat_Manure_type,MANURE21,All_manure_P2O5_SPXY_strat_Manure_type,ridge,compact,"ridge,pls",by_head_stage_option,pls|derivative|finite_difference(1),2,4.703992678117756,4.729176277912325,4.729176277912325,7,7.5,-1.0472649336518969,1,True,False
MANURE21/All_manure_P2O5_SPXY_strat_Manure_type,MANURE21,All_manure_P2O5_SPXY_strat_Manure_type,ridge,compact,"ridge,pls",by_head_stage_option,"pls|smooth|savgol_smooth(5,2)",1,4.754359877706895,4.754359877706895,4.754359877706895,8,8.0,-1.0976321332410355,1,True,False
MANURE21/All_manure_Total_N_SPXY_strat_Manure_type,MANURE21,All_manure_Total_N_SPXY_strat_Manure_type,ridge,compact,"ridge,pls",by_operator,savgol_smooth,3,2.4854154562988735,2.539310085242342,2.5178941595291704,1,3.3333333333333335,0.047068062176276904,1,True,False
MANURE21/All_manure_Total_N_SPXY_strat_Manure_type,MANURE21,All_manure_Total_N_SPXY_strat_Manure_type,ridge,compact,"ridge,pls",by_operator,detrend_poly,2,2.5038041193810043,2.5492069559491513,2.5492069559491513,2,3.5,0.028679399094146074,1,True,False
MANURE21/All_manure_Total_N_SPXY_strat_Manure_type,MANURE21,All_manure_Total_N_SPXY_strat_Manure_type,ridge,compact,"ridge,pls",by_operator,identity,1,2.5324835184751504,2.5324835184751504,2.5324835184751504,4,4.0,0.0,1,True,False
MANURE21/All_manure_Total_N_SPXY_strat_Manure_type,MANURE21,All_manure_Total_N_SPXY_strat_Manure_type,ridge,compact,"ridge,pls",by_operator,savgol_derivative,1,2.7559422568187872,2.7559422568187872,2.7559422568187872,7,7.0,-0.22345873834363683,1,True,False
MANURE21/All_manure_Total_N_SPXY_strat_Manure_type,MANURE21,All_manure_Total_N_SPXY_strat_Manure_type,ridge,compact,"ridge,pls",by_operator,finite_difference,1,2.768597382382871,2.768597382382871,2.768597382382871,8,8.0,-0.2361138639077205,1,True,False
MANURE21/All_manure_Total_N_SPXY_strat_Manure_type,MANURE21,All_manure_Total_N_SPXY_strat_Manure_type,ridge,compact,"ridge,pls",by_stage_family,smooth,3,2.4854154562988735,2.539310085242342,2.5178941595291704,1,3.3333333333333335,0.047068062176276904,1,True,False
MANURE21/All_manure_Total_N_SPXY_strat_Manure_type,MANURE21,All_manure_Total_N_SPXY_strat_Manure_type,ridge,compact,"ridge,pls",by_stage_family,baseline,2,2.5038041193810043,2.5492069559491513,2.5492069559491513,2,3.5,0.028679399094146074,1,True,False
MANURE21/All_manure_Total_N_SPXY_strat_Manure_type,MANURE21,All_manure_Total_N_SPXY_strat_Manure_type,ridge,compact,"ridge,pls",by_stage_family,identity,1,2.5324835184751504,2.5324835184751504,2.5324835184751504,4,4.0,0.0,1,True,False
MANURE21/All_manure_Total_N_SPXY_strat_Manure_type,MANURE21,All_manure_Total_N_SPXY_strat_Manure_type,ridge,compact,"ridge,pls",by_stage_family,derivative,2,2.7559422568187872,2.762269819600829,2.762269819600829,7,7.5,-0.22345873834363683,1,True,False
MANURE21/All_manure_Total_N_SPXY_strat_Manure_type,MANURE21,All_manure_Total_N_SPXY_strat_Manure_type,ridge,compact,"ridge,pls",by_stage_option,"smooth|savgol_smooth(7,2)",2,2.4854154562988735,2.5500180480989276,2.5500180480989276,1,3.5,0.047068062176276904,1,True,False
MANURE21/All_manure_Total_N_SPXY_strat_Manure_type,MANURE21,All_manure_Total_N_SPXY_strat_Manure_type,ridge,compact,"ridge,pls",by_stage_option,baseline|detrend_poly(1),1,2.5038041193810043,2.5038041193810043,2.5038041193810043,2,2.0,0.028679399094146074,1,True,False
MANURE21/All_manure_Total_N_SPXY_strat_Manure_type,MANURE21,All_manure_Total_N_SPXY_strat_Manure_type,ridge,compact,"ridge,pls",by_stage_option,"smooth|savgol_smooth(5,2)",1,2.5178941595291704,2.5178941595291704,2.5178941595291704,3,3.0,0.014589358945980013,1,True,False
MANURE21/All_manure_Total_N_SPXY_strat_Manure_type,MANURE21,All_manure_Total_N_SPXY_strat_Manure_type,ridge,compact,"ridge,pls",by_stage_option,identity|identity,1,2.5324835184751504,2.5324835184751504,2.5324835184751504,4,4.0,0.0,1,True,False
MANURE21/All_manure_Total_N_SPXY_strat_Manure_type,MANURE21,All_manure_Total_N_SPXY_strat_Manure_type,ridge,compact,"ridge,pls",by_stage_option,baseline|detrend_poly(2),1,2.594609792517298,2.594609792517298,2.594609792517298,5,5.0,-0.06212627404214777,1,True,False
MANURE21/All_manure_Total_N_SPXY_strat_Manure_type,MANURE21,All_manure_Total_N_SPXY_strat_Manure_type,ridge,compact,"ridge,pls",by_stage_option,"derivative|savgol_derivative(11,2,2)",1,2.7559422568187872,2.7559422568187872,2.7559422568187872,7,7.0,-0.22345873834363683,1,True,False
MANURE21/All_manure_Total_N_SPXY_strat_Manure_type,MANURE21,All_manure_Total_N_SPXY_strat_Manure_type,ridge,compact,"ridge,pls",by_stage_option,derivative|finite_difference(1),1,2.768597382382871,2.768597382382871,2.768597382382871,8,8.0,-0.2361138639077205,1,True,False
MANURE21/All_manure_Total_N_SPXY_strat_Manure_type,MANURE21,All_manure_Total_N_SPXY_strat_Manure_type,ridge,compact,"ridge,pls",by_head_stage_option,"ridge|smooth|savgol_smooth(7,2)",2,2.4854154562988735,2.5500180480989276,2.5500180480989276,1,3.5,0.047068062176276904,1,True,False
MANURE21/All_manure_Total_N_SPXY_strat_Manure_type,MANURE21,All_manure_Total_N_SPXY_strat_Manure_type,ridge,compact,"ridge,pls",by_head_stage_option,ridge|baseline|detrend_poly(1),1,2.5038041193810043,2.5038041193810043,2.5038041193810043,2,2.0,0.028679399094146074,1,True,False
MANURE21/All_manure_Total_N_SPXY_strat_Manure_type,MANURE21,All_manure_Total_N_SPXY_strat_Manure_type,ridge,compact,"ridge,pls",by_head_stage_option,"ridge|smooth|savgol_smooth(5,2)",1,2.5178941595291704,2.5178941595291704,2.5178941595291704,3,3.0,0.014589358945980013,1,True,False
MANURE21/All_manure_Total_N_SPXY_strat_Manure_type,MANURE21,All_manure_Total_N_SPXY_strat_Manure_type,ridge,compact,"ridge,pls",by_head_stage_option,ridge|identity|identity,1,2.5324835184751504,2.5324835184751504,2.5324835184751504,4,4.0,0.0,1,True,False
MANURE21/All_manure_Total_N_SPXY_strat_Manure_type,MANURE21,All_manure_Total_N_SPXY_strat_Manure_type,ridge,compact,"ridge,pls",by_head_stage_option,ridge|baseline|detrend_poly(2),1,2.594609792517298,2.594609792517298,2.594609792517298,5,5.0,-0.06212627404214777,1,True,False
MANURE21/All_manure_Total_N_SPXY_strat_Manure_type,MANURE21,All_manure_Total_N_SPXY_strat_Manure_type,ridge,compact,"ridge,pls",by_head_stage_option,"pls|derivative|savgol_derivative(11,2,2)",1,2.7559422568187872,2.7559422568187872,2.7559422568187872,7,7.0,-0.22345873834363683,1,True,False
MANURE21/All_manure_Total_N_SPXY_strat_Manure_type,MANURE21,All_manure_Total_N_SPXY_strat_Manure_type,ridge,compact,"ridge,pls",by_head_stage_option,pls|derivative|finite_difference(1),1,2.768597382382871,2.768597382382871,2.768597382382871,8,8.0,-0.2361138639077205,1,True,False
MILK/Milk_Fat_1224_KS,MILK,Milk_Fat_1224_KS,ridge,compact,"ridge,pls",by_operator,detrend_poly,4,0.08030139919949023,0.08287616775611197,0.08275069770839677,1,2.75,,1,True,False
MILK/Milk_Fat_1224_KS,MILK,Milk_Fat_1224_KS,ridge,compact,"ridge,pls",by_operator,savgol_derivative,3,0.08030139919949023,0.11610671149746814,0.08425848462627644,1,3.6666666666666665,,1,True,False
MILK/Milk_Fat_1224_KS,MILK,Milk_Fat_1224_KS,ridge,compact,"ridge,pls",by_operator,norris_williams,3,0.08124291079051708,0.08425188838102077,0.08524322147559128,2,4.0,,1,True,False
MILK/Milk_Fat_1224_KS,MILK,Milk_Fat_1224_KS,ridge,compact,"ridge,pls",by_operator,finite_difference,1,0.3154296636037187,0.3154296636037187,0.3154296636037187,8,8.0,,1,True,False
MILK/Milk_Fat_1224_KS,MILK,Milk_Fat_1224_KS,ridge,compact,"ridge,pls",by_stage_family,baseline,4,0.08030139919949023,0.08287616775611197,0.08275069770839677,1,2.75,,1,True,False
MILK/Milk_Fat_1224_KS,MILK,Milk_Fat_1224_KS,ridge,compact,"ridge,pls",by_stage_family,derivative,7,0.08030139919949023,0.13092935189131222,0.08524322147559128,1,4.428571428571429,,1,True,False
MILK/Milk_Fat_1224_KS,MILK,Milk_Fat_1224_KS,ridge,compact,"ridge,pls",by_stage_option,baseline|detrend_poly(1),3,0.08030139919949023,0.08193426487209458,0.08124291079051708,1,2.0,,1,True,False
MILK/Milk_Fat_1224_KS,MILK,Milk_Fat_1224_KS,ridge,compact,"ridge,pls",by_stage_option,"derivative|savgol_derivative(7,2,1)",2,0.08030139919949023,0.08227994191288333,0.08227994191288333,1,2.0,,1,True,False
MILK/Milk_Fat_1224_KS,MILK,Milk_Fat_1224_KS,ridge,compact,"ridge,pls",by_stage_option,"derivative|norris_williams(5,5,1)",3,0.08124291079051708,0.08425188838102077,0.08524322147559128,2,4.0,,1,True,False
MILK/Milk_Fat_1224_KS,MILK,Milk_Fat_1224_KS,ridge,compact,"ridge,pls",by_stage_option,baseline|detrend_poly(2),1,0.08570187640816411,0.08570187640816411,0.08570187640816411,5,5.0,,1,True,False
MILK/Milk_Fat_1224_KS,MILK,Milk_Fat_1224_KS,ridge,compact,"ridge,pls",by_stage_option,"derivative|savgol_derivative(11,2,2)",1,0.18376025066663776,0.18376025066663776,0.18376025066663776,7,7.0,,1,True,False
MILK/Milk_Fat_1224_KS,MILK,Milk_Fat_1224_KS,ridge,compact,"ridge,pls",by_stage_option,derivative|finite_difference(1),1,0.3154296636037187,0.3154296636037187,0.3154296636037187,8,8.0,,1,True,False
MILK/Milk_Fat_1224_KS,MILK,Milk_Fat_1224_KS,ridge,compact,"ridge,pls",by_head_stage_option,ridge|baseline|detrend_poly(1),3,0.08030139919949023,0.08193426487209458,0.08124291079051708,1,2.0,,1,True,False
MILK/Milk_Fat_1224_KS,MILK,Milk_Fat_1224_KS,ridge,compact,"ridge,pls",by_head_stage_option,"ridge|derivative|savgol_derivative(7,2,1)",2,0.08030139919949023,0.08227994191288333,0.08227994191288333,1,2.0,,1,True,False
MILK/Milk_Fat_1224_KS,MILK,Milk_Fat_1224_KS,ridge,compact,"ridge,pls",by_head_stage_option,"ridge|derivative|norris_williams(5,5,1)",3,0.08124291079051708,0.08425188838102077,0.08524322147559128,2,4.0,,1,True,False
MILK/Milk_Fat_1224_KS,MILK,Milk_Fat_1224_KS,ridge,compact,"ridge,pls",by_head_stage_option,ridge|baseline|detrend_poly(2),1,0.08570187640816411,0.08570187640816411,0.08570187640816411,5,5.0,,1,True,False
MILK/Milk_Fat_1224_KS,MILK,Milk_Fat_1224_KS,ridge,compact,"ridge,pls",by_head_stage_option,"pls|derivative|savgol_derivative(11,2,2)",1,0.18376025066663776,0.18376025066663776,0.18376025066663776,7,7.0,,1,True,False
MILK/Milk_Fat_1224_KS,MILK,Milk_Fat_1224_KS,ridge,compact,"ridge,pls",by_head_stage_option,pls|derivative|finite_difference(1),1,0.3154296636037187,0.3154296636037187,0.3154296636037187,8,8.0,,1,True,False
MILK/Milk_Lactose_1224_KS,MILK,Milk_Lactose_1224_KS,ridge,compact,"ridge,pls",by_operator,savgol_derivative,4,0.06478015409530764,0.086786364879615,0.06685114560051861,1,3.25,,1,True,False
MILK/Milk_Lactose_1224_KS,MILK,Milk_Lactose_1224_KS,ridge,compact,"ridge,pls",by_operator,detrend_poly,3,0.06638469719484265,0.09591219565307856,0.06875182325253297,2,5.0,,1,True,False
MILK/Milk_Lactose_1224_KS,MILK,Milk_Lactose_1224_KS,ridge,compact,"ridge,pls",by_operator,norris_williams,3,0.06748837792671107,0.09628008923036802,0.06875182325253297,4,5.666666666666667,,1,True,False
MILK/Milk_Lactose_1224_KS,MILK,Milk_Lactose_1224_KS,ridge,compact,"ridge,pls",by_operator,finite_difference,1,0.0689578173194526,0.0689578173194526,0.0689578173194526,6,6.0,,1,True,False
MILK/Milk_Lactose_1224_KS,MILK,Milk_Lactose_1224_KS,ridge,compact,"ridge,pls",by_operator,savgol_smooth,1,0.0689578173194526,0.0689578173194526,0.0689578173194526,6,6.0,,1,True,False
MILK/Milk_Lactose_1224_KS,MILK,Milk_Lactose_1224_KS,ridge,compact,"ridge,pls",by_stage_family,derivative,8,0.06478015409530764,0.08811794306612708,0.06812010058962202,1,4.5,,1,True,False
MILK/Milk_Lactose_1224_KS,MILK,Milk_Lactose_1224_KS,ridge,compact,"ridge,pls",by_stage_family,baseline,3,0.06638469719484265,0.09591219565307856,0.06875182325253297,2,5.0,,1,True,False
MILK/Milk_Lactose_1224_KS,MILK,Milk_Lactose_1224_KS,ridge,compact,"ridge,pls",by_stage_family,smooth,1,0.0689578173194526,0.0689578173194526,0.0689578173194526,6,6.0,,1,True,False
MILK/Milk_Lactose_1224_KS,MILK,Milk_Lactose_1224_KS,ridge,compact,"ridge,pls",by_stage_option,"derivative|savgol_derivative(11,2,2)",2,0.06478015409530764,0.10672158415871139,0.10672158415871139,1,4.0,,1,True,False
MILK/Milk_Lactose_1224_KS,MILK,Milk_Lactose_1224_KS,ridge,compact,"ridge,pls",by_stage_option,"derivative|savgol_derivative(7,2,1)",2,0.06638469719484265,0.06685114560051861,0.06685114560051861,2,2.5,,1,True,False
MILK/Milk_Lactose_1224_KS,MILK,Milk_Lactose_1224_KS,ridge,compact,"ridge,pls",by_stage_option,baseline|detrend_poly(1),3,0.06638469719484265,0.09591219565307856,0.06875182325253297,2,5.0,,1,True,False
MILK/Milk_Lactose_1224_KS,MILK,Milk_Lactose_1224_KS,ridge,compact,"ridge,pls",by_stage_option,"derivative|norris_williams(5,5,1)",3,0.06748837792671107,0.09628008923036802,0.06875182325253297,4,5.666666666666667,,1,True,False
MILK/Milk_Lactose_1224_KS,MILK,Milk_Lactose_1224_KS,ridge,compact,"ridge,pls",by_stage_option,derivative|finite_difference(1),1,0.0689578173194526,0.0689578173194526,0.0689578173194526,6,6.0,,1,True,False
MILK/Milk_Lactose_1224_KS,MILK,Milk_Lactose_1224_KS,ridge,compact,"ridge,pls",by_stage_option,"smooth|savgol_smooth(5,2)",1,0.0689578173194526,0.0689578173194526,0.0689578173194526,6,6.0,,1,True,False
MILK/Milk_Lactose_1224_KS,MILK,Milk_Lactose_1224_KS,ridge,compact,"ridge,pls",by_head_stage_option,"ridge|derivative|savgol_derivative(11,2,2)",1,0.06478015409530764,0.06478015409530764,0.06478015409530764,1,1.0,,1,True,False
MILK/Milk_Lactose_1224_KS,MILK,Milk_Lactose_1224_KS,ridge,compact,"ridge,pls",by_head_stage_option,"ridge|derivative|savgol_derivative(7,2,1)",2,0.06638469719484265,0.06685114560051861,0.06685114560051861,2,2.5,,1,True,False
MILK/Milk_Lactose_1224_KS,MILK,Milk_Lactose_1224_KS,ridge,compact,"ridge,pls",by_head_stage_option,ridge|baseline|detrend_poly(1),2,0.06638469719484265,0.06756826022368781,0.06756826022368781,2,3.5,,1,True,False
MILK/Milk_Lactose_1224_KS,MILK,Milk_Lactose_1224_KS,ridge,compact,"ridge,pls",by_head_stage_option,"ridge|derivative|norris_williams(5,5,1)",2,0.06748837792671107,0.06812010058962202,0.06812010058962202,4,4.5,,1,True,False
MILK/Milk_Lactose_1224_KS,MILK,Milk_Lactose_1224_KS,ridge,compact,"ridge,pls",by_head_stage_option,ridge|derivative|finite_difference(1),1,0.0689578173194526,0.0689578173194526,0.0689578173194526,6,6.0,,1,True,False
MILK/Milk_Lactose_1224_KS,MILK,Milk_Lactose_1224_KS,ridge,compact,"ridge,pls",by_head_stage_option,"ridge|smooth|savgol_smooth(5,2)",1,0.0689578173194526,0.0689578173194526,0.0689578173194526,6,6.0,,1,True,False
MILK/Milk_Lactose_1224_KS,MILK,Milk_Lactose_1224_KS,ridge,compact,"ridge,pls",by_head_stage_option,"pls|derivative|savgol_derivative(11,2,2)",1,0.14866301422211514,0.14866301422211514,0.14866301422211514,7,7.0,,1,True,False
MILK/Milk_Lactose_1224_KS,MILK,Milk_Lactose_1224_KS,ridge,compact,"ridge,pls",by_head_stage_option,pls|baseline|detrend_poly(1),1,0.15260006651186,0.15260006651186,0.15260006651186,8,8.0,,1,True,False
MILK/Milk_Lactose_1224_KS,MILK,Milk_Lactose_1224_KS,ridge,compact,"ridge,pls",by_head_stage_option,"pls|derivative|norris_williams(5,5,1)",1,0.15260006651186,0.15260006651186,0.15260006651186,8,8.0,,1,True,False
MILK/Milk_Urea_1224_KS,MILK,Milk_Urea_1224_KS,ridge,compact,"ridge,pls",by_operator,detrend_poly,2,4.286727854105809,4.339373099262917,4.339373099262917,1,1.5,,1,True,False
MILK/Milk_Urea_1224_KS,MILK,Milk_Urea_1224_KS,ridge,compact,"ridge,pls",by_operator,savgol_derivative,4,4.286727854105809,4.642544811307899,4.456996390174631,1,4.25,,1,True,False
MILK/Milk_Urea_1224_KS,MILK,Milk_Urea_1224_KS,ridge,compact,"ridge,pls",by_operator,norris_williams,2,4.392018344420025,4.393554878636834,4.393554878636834,2,2.5,,1,True,False
MILK/Milk_Urea_1224_KS,MILK,Milk_Urea_1224_KS,ridge,compact,"ridge,pls",by_operator,savgol_smooth,1,4.486716750602332,4.486716750602332,4.486716750602332,6,6.0,,1,True,False
MILK/Milk_Urea_1224_KS,MILK,Milk_Urea_1224_KS,ridge,compact,"ridge,pls",by_operator,finite_difference,2,4.486716750602332,4.928699763273086,4.928699763273086,6,7.0,,1,True,False
MILK/Milk_Urea_1224_KS,MILK,Milk_Urea_1224_KS,ridge,compact,"ridge,pls",by_stage_family,baseline,2,4.286727854105809,4.339373099262917,4.339373099262917,1,1.5,,1,True,False
MILK/Milk_Urea_1224_KS,MILK,Milk_Urea_1224_KS,ridge,compact,"ridge,pls",by_stage_family,derivative,8,4.286727854105809,4.6518360661314295,4.456996390174631,1,4.5,,1,True,False
MILK/Milk_Urea_1224_KS,MILK,Milk_Urea_1224_KS,ridge,compact,"ridge,pls",by_stage_family,smooth,1,4.486716750602332,4.486716750602332,4.486716750602332,6,6.0,,1,True,False
MILK/Milk_Urea_1224_KS,MILK,Milk_Urea_1224_KS,ridge,compact,"ridge,pls",by_stage_option,baseline|detrend_poly(1),2,4.286727854105809,4.339373099262917,4.339373099262917,1,1.5,,1,True,False
MILK/Milk_Urea_1224_KS,MILK,Milk_Urea_1224_KS,ridge,compact,"ridge,pls",by_stage_option,"derivative|savgol_derivative(7,2,1)",3,4.286727854105809,4.400240211485023,4.429859270221238,1,3.3333333333333335,,1,True,False
MILK/Milk_Urea_1224_KS,MILK,Milk_Urea_1224_KS,ridge,compact,"ridge,pls",by_stage_option,"derivative|norris_williams(5,5,1)",2,4.392018344420025,4.393554878636834,4.393554878636834,2,2.5,,1,True,False
MILK/Milk_Urea_1224_KS,MILK,Milk_Urea_1224_KS,ridge,compact,"ridge,pls",by_stage_option,"smooth|savgol_smooth(5,2)",1,4.486716750602332,4.486716750602332,4.486716750602332,6,6.0,,1,True,False
MILK/Milk_Urea_1224_KS,MILK,Milk_Urea_1224_KS,ridge,compact,"ridge,pls",by_stage_option,derivative|finite_difference(1),2,4.486716750602332,4.928699763273086,4.928699763273086,6,7.0,,1,True,False
MILK/Milk_Urea_1224_KS,MILK,Milk_Urea_1224_KS,ridge,compact,"ridge,pls",by_stage_option,"derivative|savgol_derivative(11,2,2)",1,5.369458610776525,5.369458610776525,5.369458610776525,7,7.0,,1,True,False
MILK/Milk_Urea_1224_KS,MILK,Milk_Urea_1224_KS,ridge,compact,"ridge,pls",by_head_stage_option,ridge|baseline|detrend_poly(1),2,4.286727854105809,4.339373099262917,4.339373099262917,1,1.5,,1,True,False
MILK/Milk_Urea_1224_KS,MILK,Milk_Urea_1224_KS,ridge,compact,"ridge,pls",by_head_stage_option,"ridge|derivative|savgol_derivative(7,2,1)",3,4.286727854105809,4.400240211485023,4.429859270221238,1,3.3333333333333335,,1,True,False
MILK/Milk_Urea_1224_KS,MILK,Milk_Urea_1224_KS,ridge,compact,"ridge,pls",by_head_stage_option,"ridge|derivative|norris_williams(5,5,1)",2,4.392018344420025,4.393554878636834,4.393554878636834,2,2.5,,1,True,False
MILK/Milk_Urea_1224_KS,MILK,Milk_Urea_1224_KS,ridge,compact,"ridge,pls",by_head_stage_option,ridge|derivative|finite_difference(1),1,4.486716750602332,4.486716750602332,4.486716750602332,6,6.0,,1,True,False
MILK/Milk_Urea_1224_KS,MILK,Milk_Urea_1224_KS,ridge,compact,"ridge,pls",by_head_stage_option,"ridge|smooth|savgol_smooth(5,2)",1,4.486716750602332,4.486716750602332,4.486716750602332,6,6.0,,1,True,False
MILK/Milk_Urea_1224_KS,MILK,Milk_Urea_1224_KS,ridge,compact,"ridge,pls",by_head_stage_option,"pls|derivative|savgol_derivative(11,2,2)",1,5.369458610776525,5.369458610776525,5.369458610776525,7,7.0,,1,True,False
MILK/Milk_Urea_1224_KS,MILK,Milk_Urea_1224_KS,ridge,compact,"ridge,pls",by_head_stage_option,pls|derivative|finite_difference(1),1,5.37068277594384,5.37068277594384,5.37068277594384,8,8.0,,1,True,False
PHOSPHORUS/LP_spxyG,PHOSPHORUS,LP_spxyG,ridge,compact,"ridge,pls",by_operator,identity,2,0.0852400423869335,0.0862465011846853,0.0862465011846853,1,3.0,0.0,1,True,False
PHOSPHORUS/LP_spxyG,PHOSPHORUS,LP_spxyG,ridge,compact,"ridge,pls",by_operator,savgol_smooth,4,0.08687672068228913,0.08911771354952677,0.08723661187686133,2,5.0,-0.0016366782953556314,1,True,False
PHOSPHORUS/LP_spxyG,PHOSPHORUS,LP_spxyG,ridge,compact,"ridge,pls",by_operator,norris_williams,1,0.0871474731889966,0.0871474731889966,0.0871474731889966,3,3.0,-0.0019074308020630981,1,True,False
PHOSPHORUS/LP_spxyG,PHOSPHORUS,LP_spxyG,ridge,compact,"ridge,pls",by_operator,detrend_poly,2,0.0871474731889966,0.0890435258547568,0.0890435258547568,3,5.0,-0.0019074308020630981,1,True,False
PHOSPHORUS/LP_spxyG,PHOSPHORUS,LP_spxyG,ridge,compact,"ridge,pls",by_operator,finite_difference,1,0.0951209097620953,0.0951209097620953,0.0951209097620953,8,8.0,-0.009880867375161792,1,True,False
PHOSPHORUS/LP_spxyG,PHOSPHORUS,LP_spxyG,ridge,compact,"ridge,pls",by_stage_family,identity,2,0.0852400423869335,0.0862465011846853,0.0862465011846853,1,3.0,0.0,1,True,False
PHOSPHORUS/LP_spxyG,PHOSPHORUS,LP_spxyG,ridge,compact,"ridge,pls",by_stage_family,smooth,4,0.08687672068228913,0.08911771354952677,0.08723661187686133,2,5.0,-0.0016366782953556314,1,True,False
PHOSPHORUS/LP_spxyG,PHOSPHORUS,LP_spxyG,ridge,compact,"ridge,pls",by_stage_family,baseline,2,0.0871474731889966,0.0890435258547568,0.0890435258547568,3,5.0,-0.0019074308020630981,1,True,False
PHOSPHORUS/LP_spxyG,PHOSPHORUS,LP_spxyG,ridge,compact,"ridge,pls",by_stage_family,derivative,2,0.0871474731889966,0.09113419147554594,0.09113419147554594,3,5.5,-0.0019074308020630981,1,True,False
PHOSPHORUS/LP_spxyG,PHOSPHORUS,LP_spxyG,ridge,compact,"ridge,pls",by_stage_option,identity|identity,2,0.0852400423869335,0.0862465011846853,0.0862465011846853,1,3.0,0.0,1,True,False
PHOSPHORUS/LP_spxyG,PHOSPHORUS,LP_spxyG,ridge,compact,"ridge,pls",by_stage_option,"smooth|savgol_smooth(5,2)",3,0.08687672068228913,0.08975091310086664,0.0872551088582155,2,5.333333333333333,-0.0016366782953556314,1,True,False
PHOSPHORUS/LP_spxyG,PHOSPHORUS,LP_spxyG,ridge,compact,"ridge,pls",by_stage_option,"derivative|norris_williams(5,5,1)",1,0.0871474731889966,0.0871474731889966,0.0871474731889966,3,3.0,-0.0019074308020630981,1,True,False
PHOSPHORUS/LP_spxyG,PHOSPHORUS,LP_spxyG,ridge,compact,"ridge,pls",by_stage_option,baseline|detrend_poly(1),2,0.0871474731889966,0.0890435258547568,0.0890435258547568,3,5.0,-0.0019074308020630981,1,True,False
PHOSPHORUS/LP_spxyG,PHOSPHORUS,LP_spxyG,ridge,compact,"ridge,pls",by_stage_option,"smooth|savgol_smooth(7,2)",1,0.08721811489550715,0.08721811489550715,0.08721811489550715,4,4.0,-0.001978072508573653,1,True,False
PHOSPHORUS/LP_spxyG,PHOSPHORUS,LP_spxyG,ridge,compact,"ridge,pls",by_stage_option,derivative|finite_difference(1),1,0.0951209097620953,0.0951209097620953,0.0951209097620953,8,8.0,-0.009880867375161792,1,True,False
PHOSPHORUS/LP_spxyG,PHOSPHORUS,LP_spxyG,ridge,compact,"ridge,pls",by_head_stage_option,ridge|identity|identity,2,0.0852400423869335,0.0862465011846853,0.0862465011846853,1,3.0,0.0,1,True,False
PHOSPHORUS/LP_spxyG,PHOSPHORUS,LP_spxyG,ridge,compact,"ridge,pls",by_head_stage_option,"ridge|smooth|savgol_smooth(5,2)",2,0.08687672068228913,0.08706591477025231,0.08706591477025231,2,4.0,-0.0016366782953556314,1,True,False
PHOSPHORUS/LP_spxyG,PHOSPHORUS,LP_spxyG,ridge,compact,"ridge,pls",by_head_stage_option,ridge|baseline|detrend_poly(1),1,0.0871474731889966,0.0871474731889966,0.0871474731889966,3,3.0,-0.0019074308020630981,1,True,False
PHOSPHORUS/LP_spxyG,PHOSPHORUS,LP_spxyG,ridge,compact,"ridge,pls",by_head_stage_option,"ridge|derivative|norris_williams(5,5,1)",1,0.0871474731889966,0.0871474731889966,0.0871474731889966,3,3.0,-0.0019074308020630981,1,True,False
PHOSPHORUS/LP_spxyG,PHOSPHORUS,LP_spxyG,ridge,compact,"ridge,pls",by_head_stage_option,"ridge|smooth|savgol_smooth(7,2)",1,0.08721811489550715,0.08721811489550715,0.08721811489550715,4,4.0,-0.001978072508573653,1,True,False
PHOSPHORUS/LP_spxyG,PHOSPHORUS,LP_spxyG,ridge,compact,"ridge,pls",by_head_stage_option,pls|baseline|detrend_poly(1),1,0.090939578520517,0.090939578520517,0.090939578520517,7,7.0,-0.0056995361335834965,1,True,False
PHOSPHORUS/LP_spxyG,PHOSPHORUS,LP_spxyG,ridge,compact,"ridge,pls",by_head_stage_option,pls|derivative|finite_difference(1),1,0.0951209097620953,0.0951209097620953,0.0951209097620953,8,8.0,-0.009880867375161792,1,True,False
PHOSPHORUS/LP_spxyG,PHOSPHORUS,LP_spxyG,ridge,compact,"ridge,pls",by_head_stage_option,"pls|smooth|savgol_smooth(5,2)",1,0.0951209097620953,0.0951209097620953,0.0951209097620953,8,8.0,-0.009880867375161792,1,True,False
PHOSPHORUS/MP_spxyG,PHOSPHORUS,MP_spxyG,ridge,compact,"ridge,pls",by_operator,identity,2,0.014702515420842397,0.0147350196249358,0.0147350196249358,1,3.0,0.0,1,True,False
PHOSPHORUS/MP_spxyG,PHOSPHORUS,MP_spxyG,ridge,compact,"ridge,pls",by_operator,savgol_smooth,3,0.01473159445003741,0.01480726481923064,0.014758113473854046,2,3.6666666666666665,-2.9079029195014025e-05,1,True,False
PHOSPHORUS/MP_spxyG,PHOSPHORUS,MP_spxyG,ridge,compact,"ridge,pls",by_operator,detrend_poly,1,0.014762681924442227,0.014762681924442227,0.014762681924442227,4,4.0,-6.0166503599830626e-05,1,True,False
PHOSPHORUS/MP_spxyG,PHOSPHORUS,MP_spxyG,ridge,compact,"ridge,pls",by_operator,savgol_derivative,2,0.015901846302094305,0.015926530108453248,0.015926530108453248,7,7.5,-0.0011993308812519084,1,True,False
PHOSPHORUS/MP_spxyG,PHOSPHORUS,MP_spxyG,ridge,compact,"ridge,pls",by_stage_family,identity,2,0.014702515420842397,0.0147350196249358,0.0147350196249358,1,3.0,0.0,1,True,False
PHOSPHORUS/MP_spxyG,PHOSPHORUS,MP_spxyG,ridge,compact,"ridge,pls",by_stage_family,smooth,3,0.01473159445003741,0.01480726481923064,0.014758113473854046,2,3.6666666666666665,-2.9079029195014025e-05,1,True,False
PHOSPHORUS/MP_spxyG,PHOSPHORUS,MP_spxyG,ridge,compact,"ridge,pls",by_stage_family,baseline,1,0.014762681924442227,0.014762681924442227,0.014762681924442227,4,4.0,-6.0166503599830626e-05,1,True,False
PHOSPHORUS/MP_spxyG,PHOSPHORUS,MP_spxyG,ridge,compact,"ridge,pls",by_stage_family,derivative,2,0.015901846302094305,0.015926530108453248,0.015926530108453248,7,7.5,-0.0011993308812519084,1,True,False
PHOSPHORUS/MP_spxyG,PHOSPHORUS,MP_spxyG,ridge,compact,"ridge,pls",by_stage_option,identity|identity,2,0.014702515420842397,0.0147350196249358,0.0147350196249358,1,3.0,0.0,1,True,False
PHOSPHORUS/MP_spxyG,PHOSPHORUS,MP_spxyG,ridge,compact,"ridge,pls",by_stage_option,"smooth|savgol_smooth(5,2)",2,0.01473159445003741,0.014831840491918939,0.014831840491918939,2,4.0,-2.9079029195014025e-05,1,True,False
PHOSPHORUS/MP_spxyG,PHOSPHORUS,MP_spxyG,ridge,compact,"ridge,pls",by_stage_option,"smooth|savgol_smooth(7,2)",1,0.014758113473854046,0.014758113473854046,0.014758113473854046,3,3.0,-5.559805301164934e-05,1,True,False
PHOSPHORUS/MP_spxyG,PHOSPHORUS,MP_spxyG,ridge,compact,"ridge,pls",by_stage_option,baseline|detrend_poly(1),1,0.014762681924442227,0.014762681924442227,0.014762681924442227,4,4.0,-6.0166503599830626e-05,1,True,False
PHOSPHORUS/MP_spxyG,PHOSPHORUS,MP_spxyG,ridge,compact,"ridge,pls",by_stage_option,"derivative|savgol_derivative(11,2,2)",2,0.015901846302094305,0.015926530108453248,0.015926530108453248,7,7.5,-0.0011993308812519084,1,True,False
PHOSPHORUS/MP_spxyG,PHOSPHORUS,MP_spxyG,ridge,compact,"ridge,pls",by_head_stage_option,ridge|identity|identity,2,0.014702515420842397,0.0147350196249358,0.0147350196249358,1,3.0,0.0,1,True,False
PHOSPHORUS/MP_spxyG,PHOSPHORUS,MP_spxyG,ridge,compact,"ridge,pls",by_head_stage_option,"ridge|smooth|savgol_smooth(5,2)",2,0.01473159445003741,0.014831840491918939,0.014831840491918939,2,4.0,-2.9079029195014025e-05,1,True,False
PHOSPHORUS/MP_spxyG,PHOSPHORUS,MP_spxyG,ridge,compact,"ridge,pls",by_head_stage_option,"ridge|smooth|savgol_smooth(7,2)",1,0.014758113473854046,0.014758113473854046,0.014758113473854046,3,3.0,-5.559805301164934e-05,1,True,False
PHOSPHORUS/MP_spxyG,PHOSPHORUS,MP_spxyG,ridge,compact,"ridge,pls",by_head_stage_option,ridge|baseline|detrend_poly(1),1,0.014762681924442227,0.014762681924442227,0.014762681924442227,4,4.0,-6.0166503599830626e-05,1,True,False
PHOSPHORUS/MP_spxyG,PHOSPHORUS,MP_spxyG,ridge,compact,"ridge,pls",by_head_stage_option,"pls|derivative|savgol_derivative(11,2,2)",2,0.015901846302094305,0.015926530108453248,0.015926530108453248,7,7.5,-0.0011993308812519084,1,True,False
PHOSPHORUS/NP_spxyG,PHOSPHORUS,NP_spxyG,ridge,compact,"ridge,pls",by_operator,savgol_smooth,5,0.06525408161661084,0.06776043503945961,0.06659183181310863,1,4.0,0.00130202269248543,1,True,False
PHOSPHORUS/NP_spxyG,PHOSPHORUS,NP_spxyG,ridge,compact,"ridge,pls",by_operator,identity,2,0.06655610430909627,0.0670409189490099,0.0670409189490099,3,4.5,0.0,1,True,False
PHOSPHORUS/NP_spxyG,PHOSPHORUS,NP_spxyG,ridge,compact,"ridge,pls",by_operator,detrend_poly,1,0.07054584486190948,0.07054584486190948,0.07054584486190948,7,7.0,-0.003989740552813217,1,True,False
PHOSPHORUS/NP_spxyG,PHOSPHORUS,NP_spxyG,ridge,compact,"ridge,pls",by_operator,finite_difference,1,0.07344760673911158,0.07344760673911158,0.07344760673911158,8,8.0,-0.006891502430015309,1,True,False
PHOSPHORUS/NP_spxyG,PHOSPHORUS,NP_spxyG,ridge,compact,"ridge,pls",by_stage_family,smooth,5,0.06525408161661084,0.06776043503945961,0.06659183181310863,1,4.0,0.00130202269248543,1,True,False
PHOSPHORUS/NP_spxyG,PHOSPHORUS,NP_spxyG,ridge,compact,"ridge,pls",by_stage_family,identity,2,0.06655610430909627,0.0670409189490099,0.0670409189490099,3,4.5,0.0,1,True,False
PHOSPHORUS/NP_spxyG,PHOSPHORUS,NP_spxyG,ridge,compact,"ridge,pls",by_stage_family,baseline,1,0.07054584486190948,0.07054584486190948,0.07054584486190948,7,7.0,-0.003989740552813217,1,True,False
PHOSPHORUS/NP_spxyG,PHOSPHORUS,NP_spxyG,ridge,compact,"ridge,pls",by_stage_family,derivative,1,0.07344760673911158,0.07344760673911158,0.07344760673911158,8,8.0,-0.006891502430015309,1,True,False
PHOSPHORUS/NP_spxyG,PHOSPHORUS,NP_spxyG,ridge,compact,"ridge,pls",by_stage_option,"smooth|savgol_smooth(7,2)",2,0.06525408161661084,0.06587880436097993,0.06587880436097993,1,1.5,0.00130202269248543,1,True,False
PHOSPHORUS/NP_spxyG,PHOSPHORUS,NP_spxyG,ridge,compact,"ridge,pls",by_stage_option,identity|identity,2,0.06655610430909627,0.0670409189490099,0.0670409189490099,3,4.5,0.0,1,True,False
PHOSPHORUS/NP_spxyG,PHOSPHORUS,NP_spxyG,ridge,compact,"ridge,pls",by_stage_option,"smooth|savgol_smooth(5,2)",3,0.06659183181310863,0.06901485549177942,0.06700512792311805,4,5.666666666666667,-3.572750401235891e-05,1,True,False
PHOSPHORUS/NP_spxyG,PHOSPHORUS,NP_spxyG,ridge,compact,"ridge,pls",by_stage_option,baseline|detrend_poly(1),1,0.07054584486190948,0.07054584486190948,0.07054584486190948,7,7.0,-0.003989740552813217,1,True,False
PHOSPHORUS/NP_spxyG,PHOSPHORUS,NP_spxyG,ridge,compact,"ridge,pls",by_stage_option,derivative|finite_difference(1),1,0.07344760673911158,0.07344760673911158,0.07344760673911158,8,8.0,-0.006891502430015309,1,True,False
PHOSPHORUS/NP_spxyG,PHOSPHORUS,NP_spxyG,ridge,compact,"ridge,pls",by_head_stage_option,"ridge|smooth|savgol_smooth(7,2)",2,0.06525408161661084,0.06587880436097993,0.06587880436097993,1,1.5,0.00130202269248543,1,True,False
PHOSPHORUS/NP_spxyG,PHOSPHORUS,NP_spxyG,ridge,compact,"ridge,pls",by_head_stage_option,ridge|identity|identity,2,0.06655610430909627,0.0670409189490099,0.0670409189490099,3,4.5,0.0,1,True,False
PHOSPHORUS/NP_spxyG,PHOSPHORUS,NP_spxyG,ridge,compact,"ridge,pls",by_head_stage_option,"ridge|smooth|savgol_smooth(5,2)",2,0.06659183181310863,0.06679847986811334,0.06679847986811334,4,4.5,-3.572750401235891e-05,1,True,False
PHOSPHORUS/NP_spxyG,PHOSPHORUS,NP_spxyG,ridge,compact,"ridge,pls",by_head_stage_option,pls|baseline|detrend_poly(1),1,0.07054584486190948,0.07054584486190948,0.07054584486190948,7,7.0,-0.003989740552813217,1,True,False
PHOSPHORUS/NP_spxyG,PHOSPHORUS,NP_spxyG,ridge,compact,"ridge,pls",by_head_stage_option,pls|derivative|finite_difference(1),1,0.07344760673911158,0.07344760673911158,0.07344760673911158,8,8.0,-0.006891502430015309,1,True,False
PHOSPHORUS/NP_spxyG,PHOSPHORUS,NP_spxyG,ridge,compact,"ridge,pls",by_head_stage_option,"pls|smooth|savgol_smooth(5,2)",1,0.07344760673911158,0.07344760673911158,0.07344760673911158,8,8.0,-0.006891502430015309,1,True,False
PHOSPHORUS/Pi_spxyG,PHOSPHORUS,Pi_spxyG,ridge,compact,"ridge,pls",by_operator,identity,3,0.054948135147733175,0.05616116799222625,0.056667896808456936,1,3.3333333333333335,0.0,1,True,False
PHOSPHORUS/Pi_spxyG,PHOSPHORUS,Pi_spxyG,ridge,compact,"ridge,pls",by_operator,savgol_smooth,3,0.055099484358687535,0.055961734343097584,0.055908845166608934,2,3.6666666666666665,-0.00015134921095436016,1,True,False
PHOSPHORUS/Pi_spxyG,PHOSPHORUS,Pi_spxyG,ridge,compact,"ridge,pls",by_operator,savgol_derivative,1,0.06824105552572869,0.06824105552572869,0.06824105552572869,7,7.0,-0.013292920377995517,1,True,False
PHOSPHORUS/Pi_spxyG,PHOSPHORUS,Pi_spxyG,ridge,compact,"ridge,pls",by_operator,detrend_poly,1,0.06885410475929596,0.06885410475929596,0.06885410475929596,8,8.0,-0.013905969611562784,1,True,False
PHOSPHORUS/Pi_spxyG,PHOSPHORUS,Pi_spxyG,ridge,compact,"ridge,pls",by_stage_family,identity,3,0.054948135147733175,0.05616116799222625,0.056667896808456936,1,3.3333333333333335,0.0,1,True,False
PHOSPHORUS/Pi_spxyG,PHOSPHORUS,Pi_spxyG,ridge,compact,"ridge,pls",by_stage_family,smooth,3,0.055099484358687535,0.055961734343097584,0.055908845166608934,2,3.6666666666666665,-0.00015134921095436016,1,True,False
PHOSPHORUS/Pi_spxyG,PHOSPHORUS,Pi_spxyG,ridge,compact,"ridge,pls",by_stage_family,derivative,1,0.06824105552572869,0.06824105552572869,0.06824105552572869,7,7.0,-0.013292920377995517,1,True,False
PHOSPHORUS/Pi_spxyG,PHOSPHORUS,Pi_spxyG,ridge,compact,"ridge,pls",by_stage_family,baseline,1,0.06885410475929596,0.06885410475929596,0.06885410475929596,8,8.0,-0.013905969611562784,1,True,False
PHOSPHORUS/Pi_spxyG,PHOSPHORUS,Pi_spxyG,ridge,compact,"ridge,pls",by_stage_option,identity|identity,3,0.054948135147733175,0.05616116799222625,0.056667896808456936,1,3.3333333333333335,0.0,1,True,False
PHOSPHORUS/Pi_spxyG,PHOSPHORUS,Pi_spxyG,ridge,compact,"ridge,pls",by_stage_option,"smooth|savgol_smooth(7,2)",2,0.055099484358687535,0.055988178931341906,0.055988178931341906,2,4.0,-0.00015134921095436016,1,True,False
PHOSPHORUS/Pi_spxyG,PHOSPHORUS,Pi_spxyG,ridge,compact,"ridge,pls",by_stage_option,"smooth|savgol_smooth(5,2)",1,0.055908845166608934,0.055908845166608934,0.055908845166608934,3,3.0,-0.0009607100188757586,1,True,False
PHOSPHORUS/Pi_spxyG,PHOSPHORUS,Pi_spxyG,ridge,compact,"ridge,pls",by_stage_option,"derivative|savgol_derivative(11,2,2)",1,0.06824105552572869,0.06824105552572869,0.06824105552572869,7,7.0,-0.013292920377995517,1,True,False
PHOSPHORUS/Pi_spxyG,PHOSPHORUS,Pi_spxyG,ridge,compact,"ridge,pls",by_stage_option,baseline|detrend_poly(1),1,0.06885410475929596,0.06885410475929596,0.06885410475929596,8,8.0,-0.013905969611562784,1,True,False
PHOSPHORUS/Pi_spxyG,PHOSPHORUS,Pi_spxyG,ridge,compact,"ridge,pls",by_head_stage_option,ridge|identity|identity,3,0.054948135147733175,0.05616116799222625,0.056667896808456936,1,3.3333333333333335,0.0,1,True,False
PHOSPHORUS/Pi_spxyG,PHOSPHORUS,Pi_spxyG,ridge,compact,"ridge,pls",by_head_stage_option,"ridge|smooth|savgol_smooth(7,2)",2,0.055099484358687535,0.055988178931341906,0.055988178931341906,2,4.0,-0.00015134921095436016,1,True,False
PHOSPHORUS/Pi_spxyG,PHOSPHORUS,Pi_spxyG,ridge,compact,"ridge,pls",by_head_stage_option,"ridge|smooth|savgol_smooth(5,2)",1,0.055908845166608934,0.055908845166608934,0.055908845166608934,3,3.0,-0.0009607100188757586,1,True,False
PHOSPHORUS/Pi_spxyG,PHOSPHORUS,Pi_spxyG,ridge,compact,"ridge,pls",by_head_stage_option,"pls|derivative|savgol_derivative(11,2,2)",1,0.06824105552572869,0.06824105552572869,0.06824105552572869,7,7.0,-0.013292920377995517,1,True,False
PHOSPHORUS/Pi_spxyG,PHOSPHORUS,Pi_spxyG,ridge,compact,"ridge,pls",by_head_stage_option,pls|baseline|detrend_poly(1),1,0.06885410475929596,0.06885410475929596,0.06885410475929596,8,8.0,-0.013905969611562784,1,True,False
PHOSPHORUS/V25_spxyG,PHOSPHORUS,V25_spxyG,ridge,compact,"ridge,pls",by_operator,savgol_smooth,4,0.22810140556890807,0.22938991969537148,0.22941619289010534,1,3.5,0.000603654694004252,1,True,False
PHOSPHORUS/V25_spxyG,PHOSPHORUS,V25_spxyG,ridge,compact,"ridge,pls",by_operator,identity,2,0.22870506026291232,0.22950843366396506,0.22950843366396506,3,3.5,0.0,1,True,False
PHOSPHORUS/V25_spxyG,PHOSPHORUS,V25_spxyG,ridge,compact,"ridge,pls",by_operator,detrend_poly,1,0.23981418338873617,0.23981418338873617,0.23981418338873617,7,7.0,-0.01110912312582385,1,True,False
PHOSPHORUS/V25_spxyG,PHOSPHORUS,V25_spxyG,ridge,compact,"ridge,pls",by_operator,savgol_derivative,1,0.24518547033101223,0.24518547033101223,0.24518547033101223,8,8.0,-0.016480410068099915,1,True,False
PHOSPHORUS/V25_spxyG,PHOSPHORUS,V25_spxyG,ridge,compact,"ridge,pls",by_stage_family,smooth,4,0.22810140556890807,0.22938991969537148,0.22941619289010534,1,3.5,0.000603654694004252,1,True,False
PHOSPHORUS/V25_spxyG,PHOSPHORUS,V25_spxyG,ridge,compact,"ridge,pls",by_stage_family,identity,2,0.22870506026291232,0.22950843366396506,0.22950843366396506,3,3.5,0.0,1,True,False
PHOSPHORUS/V25_spxyG,PHOSPHORUS,V25_spxyG,ridge,compact,"ridge,pls",by_stage_family,baseline,1,0.23981418338873617,0.23981418338873617,0.23981418338873617,7,7.0,-0.01110912312582385,1,True,False
PHOSPHORUS/V25_spxyG,PHOSPHORUS,V25_spxyG,ridge,compact,"ridge,pls",by_stage_family,derivative,1,0.24518547033101223,0.24518547033101223,0.24518547033101223,8,8.0,-0.016480410068099915,1,True,False
PHOSPHORUS/V25_spxyG,PHOSPHORUS,V25_spxyG,ridge,compact,"ridge,pls",by_stage_option,"smooth|savgol_smooth(7,2)",2,0.22810140556890807,0.22936364650063762,0.22936364650063762,1,3.5,0.000603654694004252,1,True,False
PHOSPHORUS/V25_spxyG,PHOSPHORUS,V25_spxyG,ridge,compact,"ridge,pls",by_stage_option,"smooth|savgol_smooth(5,2)",2,0.2282964251112596,0.22941619289010534,0.22941619289010534,2,3.5,0.0004086351516527087,1,True,False
PHOSPHORUS/V25_spxyG,PHOSPHORUS,V25_spxyG,ridge,compact,"ridge,pls",by_stage_option,identity|identity,2,0.22870506026291232,0.22950843366396506,0.22950843366396506,3,3.5,0.0,1,True,False
PHOSPHORUS/V25_spxyG,PHOSPHORUS,V25_spxyG,ridge,compact,"ridge,pls",by_stage_option,baseline|detrend_poly(1),1,0.23981418338873617,0.23981418338873617,0.23981418338873617,7,7.0,-0.01110912312582385,1,True,False
PHOSPHORUS/V25_spxyG,PHOSPHORUS,V25_spxyG,ridge,compact,"ridge,pls",by_stage_option,"derivative|savgol_derivative(11,2,2)",1,0.24518547033101223,0.24518547033101223,0.24518547033101223,8,8.0,-0.016480410068099915,1,True,False
PHOSPHORUS/V25_spxyG,PHOSPHORUS,V25_spxyG,ridge,compact,"ridge,pls",by_head_stage_option,"ridge|smooth|savgol_smooth(7,2)",2,0.22810140556890807,0.22936364650063762,0.22936364650063762,1,3.5,0.000603654694004252,1,True,False
PHOSPHORUS/V25_spxyG,PHOSPHORUS,V25_spxyG,ridge,compact,"ridge,pls",by_head_stage_option,"ridge|smooth|savgol_smooth(5,2)",2,0.2282964251112596,0.22941619289010534,0.22941619289010534,2,3.5,0.0004086351516527087,1,True,False
PHOSPHORUS/V25_spxyG,PHOSPHORUS,V25_spxyG,ridge,compact,"ridge,pls",by_head_stage_option,ridge|identity|identity,2,0.22870506026291232,0.22950843366396506,0.22950843366396506,3,3.5,0.0,1,True,False
PHOSPHORUS/V25_spxyG,PHOSPHORUS,V25_spxyG,ridge,compact,"ridge,pls",by_head_stage_option,pls|baseline|detrend_poly(1),1,0.23981418338873617,0.23981418338873617,0.23981418338873617,7,7.0,-0.01110912312582385,1,True,False
PHOSPHORUS/V25_spxyG,PHOSPHORUS,V25_spxyG,ridge,compact,"ridge,pls",by_head_stage_option,"pls|derivative|savgol_derivative(11,2,2)",1,0.24518547033101223,0.24518547033101223,0.24518547033101223,8,8.0,-0.016480410068099915,1,True,False
PLUMS/Firmness_spxy70,PLUMS,Firmness_spxy70,pls,compact,"ridge,pls",by_operator,detrend_poly,3,0.43192246183687455,0.4401450691877003,0.4432403845132798,1,3.0,0.012791508210911184,0,False,False
PLUMS/Firmness_spxy70,PLUMS,Firmness_spxy70,pls,compact,"ridge,pls",by_operator,identity,1,0.44471397004778573,0.44471397004778573,0.44471397004778573,3,3.0,0.0,0,False,False
PLUMS/Firmness_spxy70,PLUMS,Firmness_spxy70,pls,compact,"ridge,pls",by_operator,savgol_smooth,2,0.44474065096643955,0.44474921496067116,0.44474921496067116,4,4.5,-2.668091865382083e-05,0,False,False
PLUMS/Firmness_spxy70,PLUMS,Firmness_spxy70,pls,compact,"ridge,pls",by_operator,savgol_derivative,1,0.4452723612129466,0.4452723612129466,0.4452723612129466,6,6.0,-0.0005583911651608764,0,False,False
PLUMS/Firmness_spxy70,PLUMS,Firmness_spxy70,pls,compact,"ridge,pls",by_stage_family,baseline,3,0.43192246183687455,0.4401450691877003,0.4432403845132798,1,3.0,0.012791508210911184,0,False,False
PLUMS/Firmness_spxy70,PLUMS,Firmness_spxy70,pls,compact,"ridge,pls",by_stage_family,identity,1,0.44471397004778573,0.44471397004778573,0.44471397004778573,3,3.0,0.0,0,False,False
PLUMS/Firmness_spxy70,PLUMS,Firmness_spxy70,pls,compact,"ridge,pls",by_stage_family,smooth,2,0.44474065096643955,0.44474921496067116,0.44474921496067116,4,4.5,-2.668091865382083e-05,0,False,False
PLUMS/Firmness_spxy70,PLUMS,Firmness_spxy70,pls,compact,"ridge,pls",by_stage_family,derivative,1,0.4452723612129466,0.4452723612129466,0.4452723612129466,6,6.0,-0.0005583911651608764,0,False,False
PLUMS/Firmness_spxy70,PLUMS,Firmness_spxy70,pls,compact,"ridge,pls",by_stage_option,baseline|detrend_poly(2),2,0.43192246183687455,0.4375814231750772,0.4375814231750772,1,1.5,0.012791508210911184,0,False,False
PLUMS/Firmness_spxy70,PLUMS,Firmness_spxy70,pls,compact,"ridge,pls",by_stage_option,identity|identity,1,0.44471397004778573,0.44471397004778573,0.44471397004778573,3,3.0,0.0,0,False,False
PLUMS/Firmness_spxy70,PLUMS,Firmness_spxy70,pls,compact,"ridge,pls",by_stage_option,"smooth|savgol_smooth(5,2)",1,0.44474065096643955,0.44474065096643955,0.44474065096643955,4,4.0,-2.668091865382083e-05,0,False,False
PLUMS/Firmness_spxy70,PLUMS,Firmness_spxy70,pls,compact,"ridge,pls",by_stage_option,"smooth|savgol_smooth(7,2)",1,0.44475777895490276,0.44475777895490276,0.44475777895490276,5,5.0,-4.3808907117026674e-05,0,False,False
PLUMS/Firmness_spxy70,PLUMS,Firmness_spxy70,pls,compact,"ridge,pls",by_stage_option,baseline|detrend_poly(1),1,0.4452723612129466,0.4452723612129466,0.4452723612129466,6,6.0,-0.0005583911651608764,0,False,False
PLUMS/Firmness_spxy70,PLUMS,Firmness_spxy70,pls,compact,"ridge,pls",by_stage_option,"derivative|savgol_derivative(7,2,1)",1,0.4452723612129466,0.4452723612129466,0.4452723612129466,6,6.0,-0.0005583911651608764,0,False,False
PLUMS/Firmness_spxy70,PLUMS,Firmness_spxy70,pls,compact,"ridge,pls",by_head_stage_option,pls|baseline|detrend_poly(2),1,0.43192246183687455,0.43192246183687455,0.43192246183687455,1,1.0,0.012791508210911184,0,False,False
PLUMS/Firmness_spxy70,PLUMS,Firmness_spxy70,pls,compact,"ridge,pls",by_head_stage_option,ridge|baseline|detrend_poly(2),1,0.4432403845132798,0.4432403845132798,0.4432403845132798,2,2.0,0.001473585534505939,0,False,False
PLUMS/Firmness_spxy70,PLUMS,Firmness_spxy70,pls,compact,"ridge,pls",by_head_stage_option,ridge|identity|identity,1,0.44471397004778573,0.44471397004778573,0.44471397004778573,3,3.0,0.0,0,False,False
PLUMS/Firmness_spxy70,PLUMS,Firmness_spxy70,pls,compact,"ridge,pls",by_head_stage_option,"ridge|smooth|savgol_smooth(5,2)",1,0.44474065096643955,0.44474065096643955,0.44474065096643955,4,4.0,-2.668091865382083e-05,0,False,False
PLUMS/Firmness_spxy70,PLUMS,Firmness_spxy70,pls,compact,"ridge,pls",by_head_stage_option,"ridge|smooth|savgol_smooth(7,2)",1,0.44475777895490276,0.44475777895490276,0.44475777895490276,5,5.0,-4.3808907117026674e-05,0,False,False
PLUMS/Firmness_spxy70,PLUMS,Firmness_spxy70,pls,compact,"ridge,pls",by_head_stage_option,pls|baseline|detrend_poly(1),1,0.4452723612129466,0.4452723612129466,0.4452723612129466,6,6.0,-0.0005583911651608764,0,False,False
PLUMS/Firmness_spxy70,PLUMS,Firmness_spxy70,pls,compact,"ridge,pls",by_head_stage_option,"pls|derivative|savgol_derivative(7,2,1)",1,0.4452723612129466,0.4452723612129466,0.4452723612129466,6,6.0,-0.0005583911651608764,0,False,False
TABLET/Escitalopramt_310_Zhao,TABLET,Escitalopramt_310_Zhao,ridge,compact,"ridge,pls",by_operator,savgol_smooth,3,0.32041946982994285,0.32741002961162463,0.32371157559770747,1,3.0,0.0034090525749559952,1,True,False
TABLET/Escitalopramt_310_Zhao,TABLET,Escitalopramt_310_Zhao,ridge,compact,"ridge,pls",by_operator,identity,1,0.32382852240489884,0.32382852240489884,0.32382852240489884,3,3.0,0.0,1,True,False
TABLET/Escitalopramt_310_Zhao,TABLET,Escitalopramt_310_Zhao,ridge,compact,"ridge,pls",by_operator,detrend_poly,2,0.33488439938895015,0.33626228462538527,0.33626228462538527,4,4.5,-0.011055876984051305,1,True,False
TABLET/Escitalopramt_310_Zhao,TABLET,Escitalopramt_310_Zhao,ridge,compact,"ridge,pls",by_operator,savgol_derivative,1,0.36897005433886854,0.36897005433886854,0.36897005433886854,7,7.0,-0.04514153193396969,1,True,False
TABLET/Escitalopramt_310_Zhao,TABLET,Escitalopramt_310_Zhao,ridge,compact,"ridge,pls",by_operator,finite_difference,1,0.37012444694374363,0.37012444694374363,0.37012444694374363,8,8.0,-0.04629592453884479,1,True,False
TABLET/Escitalopramt_310_Zhao,TABLET,Escitalopramt_310_Zhao,ridge,compact,"ridge,pls",by_stage_family,smooth,3,0.32041946982994285,0.32741002961162463,0.32371157559770747,1,3.0,0.0034090525749559952,1,True,False
TABLET/Escitalopramt_310_Zhao,TABLET,Escitalopramt_310_Zhao,ridge,compact,"ridge,pls",by_stage_family,identity,1,0.32382852240489884,0.32382852240489884,0.32382852240489884,3,3.0,0.0,1,True,False
TABLET/Escitalopramt_310_Zhao,TABLET,Escitalopramt_310_Zhao,ridge,compact,"ridge,pls",by_stage_family,baseline,2,0.33488439938895015,0.33626228462538527,0.33626228462538527,4,4.5,-0.011055876984051305,1,True,False
TABLET/Escitalopramt_310_Zhao,TABLET,Escitalopramt_310_Zhao,ridge,compact,"ridge,pls",by_stage_family,derivative,2,0.36897005433886854,0.3695472506413061,0.3695472506413061,7,7.5,-0.04514153193396969,1,True,False
TABLET/Escitalopramt_310_Zhao,TABLET,Escitalopramt_310_Zhao,ridge,compact,"ridge,pls",by_stage_option,"smooth|savgol_smooth(7,2)",2,0.32041946982994285,0.32925925661858324,0.32925925661858324,1,3.5,0.0034090525749559952,1,True,False
TABLET/Escitalopramt_310_Zhao,TABLET,Escitalopramt_310_Zhao,ridge,compact,"ridge,pls",by_stage_option,"smooth|savgol_smooth(5,2)",1,0.32371157559770747,0.32371157559770747,0.32371157559770747,2,2.0,0.00011694680719137596,1,True,False
TABLET/Escitalopramt_310_Zhao,TABLET,Escitalopramt_310_Zhao,ridge,compact,"ridge,pls",by_stage_option,identity|identity,1,0.32382852240489884,0.32382852240489884,0.32382852240489884,3,3.0,0.0,1,True,False
TABLET/Escitalopramt_310_Zhao,TABLET,Escitalopramt_310_Zhao,ridge,compact,"ridge,pls",by_stage_option,baseline|detrend_poly(2),1,0.33488439938895015,0.33488439938895015,0.33488439938895015,4,4.0,-0.011055876984051305,1,True,False
TABLET/Escitalopramt_310_Zhao,TABLET,Escitalopramt_310_Zhao,ridge,compact,"ridge,pls",by_stage_option,baseline|detrend_poly(1),1,0.3376401698618204,0.3376401698618204,0.3376401698618204,5,5.0,-0.013811647456921539,1,True,False
TABLET/Escitalopramt_310_Zhao,TABLET,Escitalopramt_310_Zhao,ridge,compact,"ridge,pls",by_stage_option,"derivative|savgol_derivative(11,2,2)",1,0.36897005433886854,0.36897005433886854,0.36897005433886854,7,7.0,-0.04514153193396969,1,True,False
TABLET/Escitalopramt_310_Zhao,TABLET,Escitalopramt_310_Zhao,ridge,compact,"ridge,pls",by_stage_option,derivative|finite_difference(1),1,0.37012444694374363,0.37012444694374363,0.37012444694374363,8,8.0,-0.04629592453884479,1,True,False
TABLET/Escitalopramt_310_Zhao,TABLET,Escitalopramt_310_Zhao,ridge,compact,"ridge,pls",by_head_stage_option,"ridge|smooth|savgol_smooth(7,2)",2,0.32041946982994285,0.32925925661858324,0.32925925661858324,1,3.5,0.0034090525749559952,1,True,False
TABLET/Escitalopramt_310_Zhao,TABLET,Escitalopramt_310_Zhao,ridge,compact,"ridge,pls",by_head_stage_option,"ridge|smooth|savgol_smooth(5,2)",1,0.32371157559770747,0.32371157559770747,0.32371157559770747,2,2.0,0.00011694680719137596,1,True,False
TABLET/Escitalopramt_310_Zhao,TABLET,Escitalopramt_310_Zhao,ridge,compact,"ridge,pls",by_head_stage_option,ridge|identity|identity,1,0.32382852240489884,0.32382852240489884,0.32382852240489884,3,3.0,0.0,1,True,False
TABLET/Escitalopramt_310_Zhao,TABLET,Escitalopramt_310_Zhao,ridge,compact,"ridge,pls",by_head_stage_option,ridge|baseline|detrend_poly(2),1,0.33488439938895015,0.33488439938895015,0.33488439938895015,4,4.0,-0.011055876984051305,1,True,False
TABLET/Escitalopramt_310_Zhao,TABLET,Escitalopramt_310_Zhao,ridge,compact,"ridge,pls",by_head_stage_option,ridge|baseline|detrend_poly(1),1,0.3376401698618204,0.3376401698618204,0.3376401698618204,5,5.0,-0.013811647456921539,1,True,False
TABLET/Escitalopramt_310_Zhao,TABLET,Escitalopramt_310_Zhao,ridge,compact,"ridge,pls",by_head_stage_option,"pls|derivative|savgol_derivative(11,2,2)",1,0.36897005433886854,0.36897005433886854,0.36897005433886854,7,7.0,-0.04514153193396969,1,True,False
TABLET/Escitalopramt_310_Zhao,TABLET,Escitalopramt_310_Zhao,ridge,compact,"ridge,pls",by_head_stage_option,pls|derivative|finite_difference(1),1,0.37012444694374363,0.37012444694374363,0.37012444694374363,8,8.0,-0.04629592453884479,1,True,False
WOOD_density/WOOD_Density_402_Olale,WOOD_density,WOOD_Density_402_Olale,pls,compact,"ridge,pls",by_operator,savgol_derivative,2,0.12181954792709072,0.12630947661583003,0.12630947661583003,1,3.5,,1,True,False
WOOD_density/WOOD_Density_402_Olale,WOOD_density,WOOD_Density_402_Olale,pls,compact,"ridge,pls",by_operator,detrend_poly,3,0.12838509935414388,0.1299541172942068,0.13067784722390716,2,4.333333333333333,,1,True,False
WOOD_density/WOOD_Density_402_Olale,WOOD_density,WOOD_Density_402_Olale,pls,compact,"ridge,pls",by_operator,savgol_smooth,1,0.13047994333312096,0.13047994333312096,0.13047994333312096,3,3.0,,1,True,False
WOOD_density/WOOD_Density_402_Olale,WOOD_density,WOOD_Density_402_Olale,pls,compact,"ridge,pls",by_operator,finite_difference,2,0.13047994333312096,0.13049518739247531,0.13049518739247531,3,3.5,,1,True,False
WOOD_density/WOOD_Density_402_Olale,WOOD_density,WOOD_Density_402_Olale,pls,compact,"ridge,pls",by_stage_family,derivative,4,0.12181954792709072,0.12840233200415269,0.13049518739247531,1,3.5,,1,True,False
WOOD_density/WOOD_Density_402_Olale,WOOD_density,WOOD_Density_402_Olale,pls,compact,"ridge,pls",by_stage_family,baseline,3,0.12838509935414388,0.1299541172942068,0.13067784722390716,2,4.333333333333333,,1,True,False
WOOD_density/WOOD_Density_402_Olale,WOOD_density,WOOD_Density_402_Olale,pls,compact,"ridge,pls",by_stage_family,smooth,1,0.13047994333312096,0.13047994333312096,0.13047994333312096,3,3.0,,1,True,False
WOOD_density/WOOD_Density_402_Olale,WOOD_density,WOOD_Density_402_Olale,pls,compact,"ridge,pls",by_stage_option,"derivative|savgol_derivative(11,2,2)",1,0.12181954792709072,0.12181954792709072,0.12181954792709072,1,1.0,,1,True,False
WOOD_density/WOOD_Density_402_Olale,WOOD_density,WOOD_Density_402_Olale,pls,compact,"ridge,pls",by_stage_option,baseline|detrend_poly(2),1,0.12838509935414388,0.12838509935414388,0.12838509935414388,2,2.0,,1,True,False
WOOD_density/WOOD_Density_402_Olale,WOOD_density,WOOD_Density_402_Olale,pls,compact,"ridge,pls",by_stage_option,"smooth|savgol_smooth(5,2)",1,0.13047994333312096,0.13047994333312096,0.13047994333312096,3,3.0,,1,True,False
WOOD_density/WOOD_Density_402_Olale,WOOD_density,WOOD_Density_402_Olale,pls,compact,"ridge,pls",by_stage_option,derivative|finite_difference(1),2,0.13047994333312096,0.13049518739247531,0.13049518739247531,3,3.5,,1,True,False
WOOD_density/WOOD_Density_402_Olale,WOOD_density,WOOD_Density_402_Olale,pls,compact,"ridge,pls",by_stage_option,baseline|detrend_poly(1),2,0.13067784722390716,0.13073862626423827,0.13073862626423827,5,5.5,,1,True,False
WOOD_density/WOOD_Density_402_Olale,WOOD_density,WOOD_Density_402_Olale,pls,compact,"ridge,pls",by_stage_option,"derivative|savgol_derivative(7,2,1)",1,0.13079940530456935,0.13079940530456935,0.13079940530456935,6,6.0,,1,True,False
WOOD_density/WOOD_Density_402_Olale,WOOD_density,WOOD_Density_402_Olale,pls,compact,"ridge,pls",by_head_stage_option,"pls|derivative|savgol_derivative(11,2,2)",1,0.12181954792709072,0.12181954792709072,0.12181954792709072,1,1.0,,1,True,False
WOOD_density/WOOD_Density_402_Olale,WOOD_density,WOOD_Density_402_Olale,pls,compact,"ridge,pls",by_head_stage_option,ridge|baseline|detrend_poly(2),1,0.12838509935414388,0.12838509935414388,0.12838509935414388,2,2.0,,1,True,False
WOOD_density/WOOD_Density_402_Olale,WOOD_density,WOOD_Density_402_Olale,pls,compact,"ridge,pls",by_head_stage_option,"pls|smooth|savgol_smooth(5,2)",1,0.13047994333312096,0.13047994333312096,0.13047994333312096,3,3.0,,1,True,False
WOOD_density/WOOD_Density_402_Olale,WOOD_density,WOOD_Density_402_Olale,pls,compact,"ridge,pls",by_head_stage_option,pls|derivative|finite_difference(1),2,0.13047994333312096,0.13049518739247531,0.13049518739247531,3,3.5,,1,True,False
WOOD_density/WOOD_Density_402_Olale,WOOD_density,WOOD_Density_402_Olale,pls,compact,"ridge,pls",by_head_stage_option,ridge|baseline|detrend_poly(1),1,0.13067784722390716,0.13067784722390716,0.13067784722390716,5,5.0,,1,True,False
WOOD_density/WOOD_Density_402_Olale,WOOD_density,WOOD_Density_402_Olale,pls,compact,"ridge,pls",by_head_stage_option,pls|baseline|detrend_poly(1),1,0.13079940530456935,0.13079940530456935,0.13079940530456935,6,6.0,,1,True,False
WOOD_density/WOOD_Density_402_Olale,WOOD_density,WOOD_Density_402_Olale,pls,compact,"ridge,pls",by_head_stage_option,"pls|derivative|savgol_derivative(7,2,1)",1,0.13079940530456935,0.13079940530456935,0.13079940530456935,6,6.0,,1,True,False
WOOD_density/WOOD_N_402_Olale,WOOD_density,WOOD_N_402_Olale,ridge,compact,"ridge,pls",by_operator,detrend_poly,4,0.04623582177979116,0.04981777312250919,0.04858627143690307,1,4.25,0.00036316806871976304,1,True,False
WOOD_density/WOOD_N_402_Olale,WOOD_density,WOOD_N_402_Olale,ridge,compact,"ridge,pls",by_operator,savgol_smooth,2,0.04659466628518472,0.04659611170149394,0.04659611170149394,3,3.5,4.323563326198709e-06,1,True,False
WOOD_density/WOOD_N_402_Olale,WOOD_density,WOOD_N_402_Olale,ridge,compact,"ridge,pls",by_operator,identity,1,0.04659898984851092,0.04659898984851092,0.04659898984851092,5,5.0,0.0,1,True,False
WOOD_density/WOOD_N_402_Olale,WOOD_density,WOOD_N_402_Olale,ridge,compact,"ridge,pls",by_operator,norris_williams,1,0.050658792491035165,0.050658792491035165,0.050658792491035165,6,6.0,-0.004059802642524243,1,True,False
WOOD_density/WOOD_N_402_Olale,WOOD_density,WOOD_N_402_Olale,ridge,compact,"ridge,pls",by_operator,savgol_derivative,2,0.053393904074646156,0.05462831595554281,0.05462831595554281,7,7.5,-0.006794914226135235,1,True,False
WOOD_density/WOOD_N_402_Olale,WOOD_density,WOOD_N_402_Olale,ridge,compact,"ridge,pls",by_stage_family,baseline,4,0.04623582177979116,0.04981777312250919,0.04858627143690307,1,4.25,0.00036316806871976304,1,True,False
WOOD_density/WOOD_N_402_Olale,WOOD_density,WOOD_N_402_Olale,ridge,compact,"ridge,pls",by_stage_family,smooth,2,0.04659466628518472,0.04659611170149394,0.04659611170149394,3,3.5,4.323563326198709e-06,1,True,False
WOOD_density/WOOD_N_402_Olale,WOOD_density,WOOD_N_402_Olale,ridge,compact,"ridge,pls",by_stage_family,identity,1,0.04659898984851092,0.04659898984851092,0.04659898984851092,5,5.0,0.0,1,True,False
WOOD_density/WOOD_N_402_Olale,WOOD_density,WOOD_N_402_Olale,ridge,compact,"ridge,pls",by_stage_family,derivative,3,0.050658792491035165,0.05330514146737359,0.053393904074646156,6,7.0,-0.004059802642524243,1,True,False
WOOD_density/WOOD_N_402_Olale,WOOD_density,WOOD_N_402_Olale,ridge,compact,"ridge,pls",by_stage_option,baseline|detrend_poly(1),3,0.04623582177979116,0.05091911403575527,0.050658792491035165,1,5.0,0.00036316806871976304,1,True,False
WOOD_density/WOOD_N_402_Olale,WOOD_density,WOOD_N_402_Olale,ridge,compact,"ridge,pls",by_stage_option,baseline|detrend_poly(2),1,0.04651375038277097,0.04651375038277097,0.04651375038277097,2,2.0,8.523946573995439e-05,1,True,False
WOOD_density/WOOD_N_402_Olale,WOOD_density,WOOD_N_402_Olale,ridge,compact,"ridge,pls",by_stage_option,"smooth|savgol_smooth(7,2)",1,0.04659466628518472,0.04659466628518472,0.04659466628518472,3,3.0,4.323563326198709e-06,1,True,False
WOOD_density/WOOD_N_402_Olale,WOOD_density,WOOD_N_402_Olale,ridge,compact,"ridge,pls",by_stage_option,"smooth|savgol_smooth(5,2)",1,0.04659755711780317,0.04659755711780317,0.04659755711780317,4,4.0,1.4327307077538487e-06,1,True,False
WOOD_density/WOOD_N_402_Olale,WOOD_density,WOOD_N_402_Olale,ridge,compact,"ridge,pls",by_stage_option,identity|identity,1,0.04659898984851092,0.04659898984851092,0.04659898984851092,5,5.0,0.0,1,True,False
WOOD_density/WOOD_N_402_Olale,WOOD_density,WOOD_N_402_Olale,ridge,compact,"ridge,pls",by_stage_option,"derivative|norris_williams(5,5,1)",1,0.050658792491035165,0.050658792491035165,0.050658792491035165,6,6.0,-0.004059802642524243,1,True,False
WOOD_density/WOOD_N_402_Olale,WOOD_density,WOOD_N_402_Olale,ridge,compact,"ridge,pls",by_stage_option,"derivative|savgol_derivative(11,2,2)",1,0.053393904074646156,0.053393904074646156,0.053393904074646156,7,7.0,-0.006794914226135235,1,True,False
WOOD_density/WOOD_N_402_Olale,WOOD_density,WOOD_N_402_Olale,ridge,compact,"ridge,pls",by_stage_option,"derivative|savgol_derivative(7,2,1)",1,0.05586272783643947,0.05586272783643947,0.05586272783643947,8,8.0,-0.009263737987928546,1,True,False
WOOD_density/WOOD_N_402_Olale,WOOD_density,WOOD_N_402_Olale,ridge,compact,"ridge,pls",by_head_stage_option,ridge|baseline|detrend_poly(1),2,0.04623582177979116,0.04844730713541316,0.04844730713541316,1,3.5,0.00036316806871976304,1,True,False
WOOD_density/WOOD_N_402_Olale,WOOD_density,WOOD_N_402_Olale,ridge,compact,"ridge,pls",by_head_stage_option,ridge|baseline|detrend_poly(2),1,0.04651375038277097,0.04651375038277097,0.04651375038277097,2,2.0,8.523946573995439e-05,1,True,False
WOOD_density/WOOD_N_402_Olale,WOOD_density,WOOD_N_402_Olale,ridge,compact,"ridge,pls",by_head_stage_option,"ridge|smooth|savgol_smooth(7,2)",1,0.04659466628518472,0.04659466628518472,0.04659466628518472,3,3.0,4.323563326198709e-06,1,True,False
WOOD_density/WOOD_N_402_Olale,WOOD_density,WOOD_N_402_Olale,ridge,compact,"ridge,pls",by_head_stage_option,"ridge|smooth|savgol_smooth(5,2)",1,0.04659755711780317,0.04659755711780317,0.04659755711780317,4,4.0,1.4327307077538487e-06,1,True,False
WOOD_density/WOOD_N_402_Olale,WOOD_density,WOOD_N_402_Olale,ridge,compact,"ridge,pls",by_head_stage_option,ridge|identity|identity,1,0.04659898984851092,0.04659898984851092,0.04659898984851092,5,5.0,0.0,1,True,False
WOOD_density/WOOD_N_402_Olale,WOOD_density,WOOD_N_402_Olale,ridge,compact,"ridge,pls",by_head_stage_option,"ridge|derivative|norris_williams(5,5,1)",1,0.050658792491035165,0.050658792491035165,0.050658792491035165,6,6.0,-0.004059802642524243,1,True,False
WOOD_density/WOOD_N_402_Olale,WOOD_density,WOOD_N_402_Olale,ridge,compact,"ridge,pls",by_head_stage_option,"pls|derivative|savgol_derivative(11,2,2)",1,0.053393904074646156,0.053393904074646156,0.053393904074646156,7,7.0,-0.006794914226135235,1,True,False
WOOD_density/WOOD_N_402_Olale,WOOD_density,WOOD_N_402_Olale,ridge,compact,"ridge,pls",by_head_stage_option,pls|baseline|detrend_poly(1),1,0.05586272783643947,0.05586272783643947,0.05586272783643947,8,8.0,-0.009263737987928546,1,True,False
WOOD_density/WOOD_N_402_Olale,WOOD_density,WOOD_N_402_Olale,ridge,compact,"ridge,pls",by_head_stage_option,"pls|derivative|savgol_derivative(7,2,1)",1,0.05586272783643947,0.05586272783643947,0.05586272783643947,8,8.0,-0.009263737987928546,1,True,False
